Type,Date,Time,Location,City,County,Zip,Geocode
NFS,08/27/2013,1428,Unknown location in Baltimore County,Unknown,Baltimore,0,"Unknown location in Baltimore County
Unknown 0
"
NFS,07/31/2013,1603,2501 Lake Dr,Waldorf,Charles,20601,"2501 Lake Dr
Waldorf 20601
(38.64507550200045, -76.89656939799966)"
NFS - self inflicted,09/11/2013,330,24 Amwich Ct,Waldorf,Charles,20602,"24 Amwich Ct
Waldorf 20602
(38.59567196100045, -76.91616758599963)"
NFS - self inflicted,02/12/2013,915,3615 Kempsford Field,Waldorf,Charles,20602,"3615 Kempsford Field
Waldorf 20602
(38.60749322000049, -76.89615705999967)"
NFS - self inflicted,09/15/2013,1750,3059 Heathcote Rd,Waldorf,Charles,20602,"3059 Heathcote Rd
Waldorf 20602
(38.608553319000464, -76.89297215299968)"
NFS - self inflicted,12/30/2013,200,Fairway Village,Waldorf,Charles,20602,"Fairway Village
Waldorf 20602
(38.59849764100045, -76.90249687199963)"
NFS,03/21/2013,1500,Wingate Ct.,Waldorf,Charles,20602,"Wingate Ct.
Waldorf 20602
(38.60133443100045, -76.89447146999964)"
NFS,11/03/2013,1910,12133 Ell Ln,Waldorf,Charles,20602,"12133 Ell Ln
Waldorf 20602
(38.61568034700048, -76.89214269699966)"
NFS,10/13/2013,0,Brice Chapel Rd,LaPlata,Charles,20602,"Brice Chapel Rd
LaPlata 20602
(38.557865699000445, -76.88029470099963)"
NFS,01/26/2013,2045,9425 Berry Rd.,Waldorf,Charles,20603,"9425 Berry Rd.
Waldorf 20603
(38.65208306900047, -76.98479979499967)"
NFS,08/23/2013,2034,Westlake Dash-IN,Waldorf,Charles,20603,"Westlake Dash-IN
Waldorf 20603
(38.62583641700047, -76.95670950499965)"
NFS,08/23/2013,2034,Westlake Dash-IN,Waldorf,Charles,20603,"Westlake Dash-IN
Waldorf 20603
(38.62583641700047, -76.95670950499965)"
NFS,01/29/2013,2021,3154 Heartleaf Lane,Waldorf,Charles,20603,"3154 Heartleaf Lane
Waldorf 20603
(38.62556692400045, -76.94371926199966)"
NFS,11/22/2013,1056,9340 Crain Hwy,Bel Alton,Charles,20611,"9340 Crain Hwy
Bel Alton 20611
(38.454766331000485, -76.99087692999967)"
NFS,02/12/2013,1808,14210 Gibbons Church Rd.,Brandywine,Prince George's,20613,"14210 Gibbons Church Rd.
Brandywine 20613
(38.69377262500046, -76.80847532699966)"
NFS,08/23/2013,2322,14201 Brandywine Rd,Brandywine,Prince George's,20613,"14201 Brandywine Rd
Brandywine 20613
(38.6967432080005, -76.84253677799967)"
NFS,08/23/2013,2322,14201 Brandywine Rd,Brandywine,Prince George's,20613,"14201 Brandywine Rd
Brandywine 20613
(38.6967432080005, -76.84253677799967)"
NFS,06/10/2013,2340,2558 Bolinbrook Ct,Bryans Road,Charles,20616,"2558 Bolinbrook Ct
Bryans Road 20616
(38.63105108700046, -77.08001256899968)"
NFS - self inflicted,07/26/2013,448,21500 Point Lookout Rd,Callaway,Balto. City,20620,"21500 Point Lookout Rd
Callaway 20620
(38.238807978000466, -76.54206085899966)"
NFS,02/09/2013,45,24451 Jenny Lynn Lane,Clements,St. Mary's,20624,"24451 Jenny Lynn Lane
Clements 20624
(38.33979510800049, -76.71718349599968)"
NFS,02/11/2013,0,Coronado Dr. & Mojave Dr.,Great Mills,St. Mary's,20634,"Coronado Dr. &amp; Mojave Dr.
Great Mills 20634
(38.26434933900049, -76.49573918199962)"
NFS,06/23/2013,1324,7412 Leonardtown Rd,Hughesville,Charles,20637,"7412 Leonardtown Rd
Hughesville 20637
(38.55025823000045, -76.80803861299967)"
NFS - self inflicted,06/12/2013,2224,3220 Caraway Dr,Huntingtown,Calvert,20639,"3220 Caraway Dr
Huntingtown 20639
(38.604641322000475, -76.59454614299966)"
NFS - self inflicted,10/03/2013,1750,10800 Hopewell Ct,LaPlata,Charles,20646,"10800 Hopewell Ct
LaPlata 20646
(38.539338055000485, -76.93706191199965)"
NFS - self inflicted,01/04/2013,1943,Westbury Blvd & Gooseneck Dr,Lexington Park,St. Mary's,20653,"Westbury Blvd &amp; Gooseneck Dr
Lexington Park 20653
(38.25263954900049, -76.45351876399963)"
NFS - self inflicted,06/14/2013,847,10750 Old Mill Rd,Lusby,Charles,20657,"10750 Old Mill Rd
Lusby 20657
(38.39316827300047, -76.45493223199963)"
NFS - self inflicted,12/24/2013,1631,27331 Birchwood Ct,Mechanicsville,St. Mary's,20659,"27331 Birchwood Ct
Mechanicsville 20659
(38.419172346000494, -76.72209336899965)"
NFS - self inflicted,06/28/2013,800,7395 Henson Landing Rd,Welcome,Charles,20693,"7395 Henson Landing Rd
Welcome 20693
(38.477454760000455, -77.05419366299964)"
NFS,05/19/2013,36,8710 Billingsley Rd.,Waldorf,Charles,20695,"8710 Billingsley Rd.
Waldorf 20695
(38.60907059800047, -77.00975452799963)"
NFS - self inflicted,07/18/2013,2320,11320 Evans Trail,Beltsville,Prince George's,20705,"11320 Evans Trail
Beltsville 20705
(39.0431050090005, -76.93872344999966)"
NFS,05/15/2013,1801,11901 Beltsville Dr.,Beltsville,Prince George's,20705,"11901 Beltsville Dr.
Beltsville 20705
(39.05248947700045, -76.93565843299967)"
NFS,01/13/2013,2001,8407 Hamlin St.,Glenarden,Prince George's,20706,"8407 Hamlin St.
Glenarden 20706
(38.92634714500048, -76.86224491099966)"
NFS,06/10/2013,2050,9050 Lanham Severn Rd,Lanaham,Prince George's,20706,"9050 Lanham Severn Rd
Lanaham 20706
(38.96453465400049, -76.85917803199965)"
NFS,10/05/2013,1750,7910 Martin Luther King Jr Highway,Lanham,Prince George's,20706,"7910 Martin Luther King Jr Highway
Lanham 20706
(38.93133443000045, -76.86908441599968)"
NFS,09/27/2013,5,6916 100th Ave,Lanham,Prince George's,20706,"6916 100th Ave
Lanham 20706
(38.9825793870005, -76.84164260799963)"
NFS,02/02/2013,338,11445 Laurel Bowie Rd,Laurel,Prince George's,20708,"11445 Laurel Bowie Rd
Laurel 20708
(39.04633744500046, -76.82627001599963)"
NFS,06/05/2013,350,1300 block of Burton River Rd,Lothian,Anne Arundel,20711,"1300 block of Burton River Rd
Lothian 20711
(38.80348631100048, -76.65940684899965)"
NFS,09/06/2013,2224,4603 27th St,Mt. Rainier,Prince George's,20712,"4603 27th St
Mt. Rainier 20712
(38.94654528400048, -76.96950853399966)"
NFS,06/01/2013,200,2700 Allison St,Mt Rainier,Prince George's,20712,"2700 Allison St
Mt Rainier 20712
(38.94756257200049, -76.96896551199967)"
NFS,03/10/2013,2259,3400 Blk Rhode Island Ave.,Mount Rainier,Prince George's,20712,"3400 Blk Rhode Island Ave.
Mount Rainier 20712
(38.9434867330005, -76.96594698699965)"
NFS,10/25/2013,323,3831 9th St,North Beach,Calvert,20714,"3831 9th St
North Beach 20714
(38.71077339100049, -76.53807396299965)"
NFS,07/11/2013,1315,1700 block of Stourbridge Ct,Bowie,Prince George's,20721,"1700 block of Stourbridge Ct
Bowie 20721
(38.91835956700049, -76.79545766099966)"
NFS,10/23/2013,1600,9551 Washington Blvd,Savage,Howard,20723,"9551 Washington Blvd
Savage 20723
(39.12253092700047, -76.82565584999963)"
NFS,11/24/2013,30,Joan Pl & Maxfield Ct,Clinton,Prince George's,20735,"Joan Pl &amp; Maxfield Ct
Clinton 20735
(38.75721634700045, -76.89952923299967)"
NFS - self inflicted,01/19/2013,220,7503 Surrats Rd,Clinton,Prince George's,20735,"7503 Surrats Rd
Clinton 20735
(38.75026163400048, -76.87697268299968)"
NFS,03/09/2013,117,"3502 Kidder Rd.,",Clinton,Prince George's,20735,"3502 Kidder Rd.,
Clinton 20735
(38.71420719100047, -76.94683671899963)"
NFS - self inflicted,09/19/2013,2315,5621 61st Pl,Riverdale,Prince George's,20737,"5621 61st Pl
Riverdale 20737
(38.95644102600045, -76.91220604099965)"
NFS,10/22/2013,1912,6202 Carters Ln,Riverdale,Prince George's,20737,"6202 Carters Ln
Riverdale 20737
(38.95323768300045, -76.91174282399965)"
NFS,11/16/2013,237,6029 67th Place,Riverdale,Prince George's,20737,"6029 67th Place
Riverdale 20737
(38.961821030000465, -76.90016584799963)"
NFS,11/20/2013,2133,6309 64th St,Riverdale,Prince George's,20737,"6309 64th St
Riverdale 20737
(38.966499214000464, -76.90527234499967)"
NFS - self inflicted,02/23/2013,206,5007 Hollywood Rd.,College Park,Prince George's,20740,"5007 Hollywood Rd.
College Park 20740
(39.010143120000464, -76.92064420099967)"
NFS,02/12/2013,52,8706 36th Ave.,College Park,Prince George's,20740,"8706 36th Ave.
College Park 20740
(38.99833914500044, -76.94791525399967)"
NFS,11/27/2013,1400,5240 Marlboro Pike,Capitol Heights,Prince George's,20743,"5240 Marlboro Pike
Capitol Heights 20743
(38.86638213700047, -76.91673911799967)"
NFS,07/23/2013,1500,7811 Parston Dr,Capitol Heights,Prince George's,20743,"7811 Parston Dr
Capitol Heights 20743
(38.883325787000445, -76.90317903799968)"
NFS,05/26/2013,12,Hampton Park Blvd & Hampton Overlook Dr.,Capitol Heights,Prince George's,20743,"Hampton Park Blvd &amp; Hampton Overlook Dr.
Capitol Heights 20743
(38.883325787000445, -76.90317903799968)"
NFS,12/19/2013,1558,1103 Clovis Ave,Capitol Heights,Prince George's,20743,"1103 Clovis Ave
Capitol Heights 20743
(38.87598410100048, -76.92753945499965)"
NFS,07/18/2013,346,1214 Farmingdale Ave,Capitol Heights,Prince George's,20743,"1214 Farmingdale Ave
Capitol Heights 20743
(38.90713373500046, -76.91610190599965)"
NFS,05/07/2013,1702,1200 Blk Elfin Ave,Capitol Heights,Prince George's,20743,"1200 Blk Elfin Ave
Capitol Heights 20743
(38.883325787000445, -76.90317903799968)"
NFS,11/02/2013,405,1212 Mentor Ave,Capitol Heights,Prince George's,20743,"1212 Mentor Ave
Capitol Heights 20743
(38.873165619000474, -76.92128141299963)"
NFS,06/10/2013,1538,5946 Martin Luther King Hwy,Seat Pleasant,Prince George's,20743,"5946 Martin Luther King Hwy
Seat Pleasant 20743
(38.89816322100046, -76.90484065599964)"
NFS - self inflicted,03/19/2013,2018,1004 Drum Ave.,Capitol Heights,Prince George's,20743,"1004 Drum Ave.
Capitol Heights 20743
(38.876966997000466, -76.92503208999966)"
NFS,01/29/2013,2008,7200 Blk Hylton St.,Seat Pleasant,Prince George's,20743,"7200 Blk Hylton St.
Seat Pleasant 20743
(38.883325787000445, -76.90317903799968)"
NFS,05/26/2013,12,Hampton Park Blvd & Hampton Overlook Dr.,Capitol Heights,Prince George's,20743,"Hampton Park Blvd &amp; Hampton Overlook Dr.
Capitol Heights 20743
(38.883325787000445, -76.90317903799968)"
NFS,05/26/2013,12,Hampton Park Blvd & Hampton Overlook Dr.,Capitol Heights,Prince George's,20743,"Hampton Park Blvd &amp; Hampton Overlook Dr.
Capitol Heights 20743
(38.883325787000445, -76.90317903799968)"
NFS,09/27/2013,2257,1001 Glen Willow Dr,Capitol Heights,Prince George's,20743,"1001 Glen Willow Dr
Capitol Heights 20743
(38.90425569500047, -76.90162692899963)"
NFS,09/18/2013,1023,4909 Marlboro Pike,Capitol Heights,Prince George's,20743,"4909 Marlboro Pike
Capitol Heights 20743
(38.872372950000454, -76.92596653299967)"
NFS,10/01/2013,116,5915 Athena St,Capitol Heights,Prince George's,20743,"5915 Athena St
Capitol Heights 20743
(38.887135884000486, -76.90468624999966)"
NFS,09/27/2013,2257,1001 Glen Willow Dr,Capitol Heights,Prince George's,20743,"1001 Glen Willow Dr
Capitol Heights 20743
(38.90425569500047, -76.90162692899963)"
NFS,10/01/2013,956,1715 Arcadia Ave,Capitol Heights,Prince George's,20743,"1715 Arcadia Ave
Capitol Heights 20743
(38.8661632030005, -76.94083217799965)"
NFS - self inflicted,10/30/2013,1823,6440 Central Ave,Seat Pleasant,Prince George's,20743,"6440 Central Ave
Seat Pleasant 20743
(38.887144786000476, -76.89672256399967)"
NFS,05/06/2013,2140,914 Drum Ave.,Capitol Heights,Prince George's,20743,"914 Drum Ave.
Capitol Heights 20743
(38.87750741800045, -76.92433265399967)"
NFS,08/19/2013,40,12302 Parkton St,Ft. Washington,Prince George's,20744,"12302 Parkton St
Ft. Washington 20744
(38.71971394600047, -76.99708657699966)"
NFS,01/22/2013,2230,1200 blk of Palmer Rd,Ft. Washington,Prince George's,20744,"1200 blk of Palmer Rd
Ft. Washington 20744
(38.75803755300046, -76.98261877399966)"
NFS,07/10/2013,2323,Lindsay Rd at Leyte Dr,Oxon Hill,Prince George's,20745,"Lindsay Rd at Leyte Dr
Oxon Hill 20745
(38.79305379200048, -76.99209961499963)"
NFS,06/09/2013,41,5908 Sumner Ln,Forest Heights,Prince George's,20745,"5908 Sumner Ln
Forest Heights 20745
(38.807583500000476, -76.99708542399964)"
NFS,11/11/2013,1823,Silver Hill Rd & Pearl Dr,Suitland,Prince George's,20746,"Silver Hill Rd &amp; Pearl Dr
Suitland 20746
(38.838428846000454, -76.92153668599963)"
NFS,05/21/2013,2026,3051 Victory Lane,Suitland,Prince George's,20746,"3051 Victory Lane
Suitland 20746
(38.849230725000496, -76.92019707799966)"
NFS,06/07/2013,1728,5697 Suitland Rd,Suitland,Prince George's,20746,"5697 Suitland Rd
Suitland 20746
(38.83841440500049, -76.90755960299964)"
NFS,01/20/2013,225,4549 Dallas Pl,Suitland,Prince George's,20746,"4549 Dallas Pl
Suitland 20746
(38.838428846000454, -76.92153668599963)"
NFS,02/18/2013,1750,2512 Darel Dr,Suitland,Prince George's,20746,"2512 Darel Dr
Suitland 20746
(38.85475720700049, -76.93149846799963)"
NFS,04/30/2013,1311,4615 Silver Hill Rd.,Suitland,Prince George's,20746,"4615 Silver Hill Rd.
Suitland 20746
(38.845579993000456, -76.92748760199964)"
NFS,08/28/2013,1314,4164 Suitland Rd,Suitland,Prince George's,20746,"4164 Suitland Rd
Suitland 20746
(38.855856391000486, -76.94104450499964)"
NFS,01/01/2013,346,5300 Blk Allentown Rd.,Camp Springs,Prince George's,20746,"5300 Blk Allentown Rd.
Camp Springs 20746
(38.838428846000454, -76.92153668599963)"
NFS,04/30/2013,1311,4615 Silver Hill Rd.,Suitland,Prince George's,20746,"4615 Silver Hill Rd.
Suitland 20746
(38.845579993000456, -76.92748760199964)"
NFS,11/04/2013,2135,3521 Stewart Rd,Forestville,Prince George's,20746,"3521 Stewart Rd
Forestville 20746
(38.838428846000454, -76.92153668599963)"
NFS,10/23/2013,1758,2120 Brooks Dr,Capitol Heights,Prince George's,20746,"2120 Brooks Dr
Capitol Heights 20746
(38.856822423000494, -76.92081640299966)"
NFS,07/23/2013,1153,3910 Regency Pkwy,Suitland,Prince George's,20746,"3910 Regency Pkwy
Suitland 20746
(38.83751123400049, -76.91271943799967)"
NFS,01/27/2013,400,4423 Rena Rd.,Suitland,Prince George's,20746,"4423 Rena Rd.
Suitland 20746
(38.838428846000454, -76.92153668599963)"
NFS - self inflicted,01/07/2013,1030,5084 Silver Hill Ct.,Suitland,Prince George's,20747,"5084 Silver Hill Ct.
Suitland 20747
(38.8525848110005, -76.91513336999964)"
NFS,09/10/2013,1145,2950-A Donnell Dr,Forestville,Prince George's,20747,"2950-A Donnell Dr
Forestville 20747
(38.84928240700049, -76.88503632299967)"
NFS,10/06/2013,5,6012 Belwood St,District Heights,Prince George's,20747,"6012 Belwood St
District Heights 20747
(38.85779994100045, -76.90308572999965)"
NFS,08/12/2013,25,6212 Hil Mar Cir,Forestville,Prince George's,20747,"6212 Hil Mar Cir
Forestville 20747
(38.841407580000464, -76.89974872199963)"
NFS,12/07/2013,435,6035 Marlboro Pike,Forestville,Prince George's,20747,"6035 Marlboro Pike
Forestville 20747
(38.85622238600047, -76.90266867299965)"
NFS,02/28/2013,2318,3301 Walters Lane,Forestville,Prince George's,20747,"3301 Walters Lane
Forestville 20747
(38.844307218000495, -76.89199708499967)"
NFS,02/06/2013,255,5406 Marlboro Pike,Capitol Heights,Prince George's,20747,"5406 Marlboro Pike
Capitol Heights 20747
(38.864020721000486, -76.91459236299966)"
NFS,08/01/2013,1814,3307 Walters Ln,Forestville,Prince George's,20747,"3307 Walters Ln
Forestville 20747
(38.84425142300046, -76.89200729199968)"
NFS,08/01/2013,1814,3307 Walters Ln,Forestville,Prince George's,20747,"3307 Walters Ln
Forestville 20747
(38.84425142300046, -76.89200729199968)"
NFS,07/16/2013,1130,4400 block of Suitland Rd,Suitland,Prince George's,20747,"4400 block of Suitland Rd
Suitland 20747
(38.85371891900047, -76.88926633099965)"
NFS,06/01/2013,2015,2340 Kenton Pl,Temple Hills,Prince George's,20748,"2340 Kenton Pl
Temple Hills 20748
(38.83208677300047, -76.95538895399966)"
NFS,11/09/2013,121,3900 Bexley Pl,Temple Hills,Prince George's,20748,"3900 Bexley Pl
Temple Hills 20748
(38.8172686690005, -76.94323998899966)"
NFS,10/01/2013,1130,2364 Iverson St,Temple Hills,Prince George's,20748,"2364 Iverson St
Temple Hills 20748
(38.834576936000474, -76.95737119099965)"
NFS,02/02/2013,1932,6315 Old Branch Ave.,Clinton,Prince George's,20748,"6315 Old Branch Ave.
Clinton 20748
(38.803410202000464, -76.90669440899967)"
NFS,04/10/2013,2146,Colebrooke & 28th Ave,Temple Hills,Prince George's,20748,"Colebrooke &amp; 28th Ave
Temple Hills 20748
(38.8172686690005, -76.94323998899966)"
NFS,11/09/2013,121,3900 Bexley Pl,Temple Hills,Prince George's,20748,"3900 Bexley Pl
Temple Hills 20748
(38.8172686690005, -76.94323998899966)"
NFS,11/09/2013,121,3900 Bexley Pl,Temple Hills,Prince George's,20748,"3900 Bexley Pl
Temple Hills 20748
(38.8172686690005, -76.94323998899966)"
NFS,08/29/2013,1330,2900 St Clair Dr,Temple Hills,Prince George's,20748,"2900 St Clair Dr
Temple Hills 20748
(38.83534221400049, -76.94589651999968)"
NFS,08/10/2013,200,5102 Abbott Dr,Temple Hills,Prince George's,20748,"5102 Abbott Dr
Temple Hills 20748
(38.81874565400045, -76.96406678899967)"
NFS,12/13/2013,2310,3200 blk Brinkley Rd,Temple Hills,Prince George's,20748,"3200 blk Brinkley Rd
Temple Hills 20748
(38.8172686690005, -76.94323998899966)"
NFS,01/24/2013,149,3138 Brinkley Rd.,Temple Hills,Prince George's,20748,"3138 Brinkley Rd.
Temple Hills 20748
(38.80413336000049, -76.95283534399965)"
NFS,03/23/2013,6,"2530 Iverson St.,",Temple Hills,Prince George's,20748,"2530 Iverson St.,
Temple Hills 20748
(38.8360056840005, -76.95428276399963)"
NFS,12/31/2013,1536,2413 Colebrooke Dr,Temple Hills,Prince George's,20748,"2413 Colebrooke Dr
Temple Hills 20748
(38.835763590000454, -76.95643227099964)"
NFS,08/22/2013,1850,4100 block of Bracnh Ave,Temple Hills,Prince George's,20748,"4100 block of Bracnh Ave
Temple Hills 20748
(38.8172686690005, -76.94323998899966)"
NFS,08/13/2013,1936,5909 Temple Hills Rd,Temple Hills,Prince George's,20748,"5909 Temple Hills Rd
Temple Hills 20748
(38.802558399000475, -76.93110115799965)"
NFS,01/28/2013,1907,4107 Branch Ave.,Temple Hills,Prince George's,20748,"4107 Branch Ave.
Temple Hills 20748
(38.83417831300045, -76.94258849099964)"
NFS,02/20/2013,2359,11610 Citrine Ct,Glendale,Prince George's,20769,"11610 Citrine Ct
Glendale 20769
(38.95854285100046, -76.80436895499963)"
NFS,02/20/2013,2359,11610 Citrine Ct,Glendale,Prince George's,20769,"11610 Citrine Ct
Glendale 20769
(38.95854285100046, -76.80436895499963)"
NFS,08/25/2013,300,16111 Brookmeade Ct,Upper Marlboro,Prince George's,20772,"16111 Brookmeade Ct
Upper Marlboro 20772
(38.841983721000474, -76.72413175499963)"
NFS,12/21/2013,1005,9674 Marlboro Pike,Upper Marlboro,Prince George's,20772,"9674 Marlboro Pike
Upper Marlboro 20772
(38.81590618500047, -76.83900462999964)"
NFS,10/18/2013,118,4809 Parkmount La,Upper Marlboro,Prince George's,20772,"4809 Parkmount La
Upper Marlboro 20772
(38.82277403100045, -76.80997905599963)"
NFS,07/09/2013,2214,New Orchard Dr & Harry S Truman Dr,Largo,Prince George's,20774,"New Orchard Dr &amp; Harry S Truman Dr
Largo 20774
(38.885559120000494, -76.80645921499968)"
NFS,10/27/2013,22,Bold St & Edwards St,Glenarden,Prince George's,20774,"Bold St &amp; Edwards St
Glenarden 20774
(38.885559120000494, -76.80645921499968)"
NFS,10/05/2013,105,3208 Oak St,Upper Marlboro,Prince George's,20774,"3208 Oak St
Upper Marlboro 20774
(38.84543595800045, -76.85662572699965)"
NFS,05/04/2013,2331,56th Pl @ Emerson St,Riverdale,Prince George's,20781,"56th Pl @ Emerson St
Riverdale 20781
(38.946742052000445, -76.91836644899968)"
NFS,07/19/2013,1726,3611 Gallatin St,Hyattsville,Prince George's,20782,"3611 Gallatin St
Hyattsville 20782
(38.953479537000476, -76.95939568699964)"
NFS,03/17/2013,252,5398 Queens Chapel Rd.,Hyattsville,Prince George's,20782,"5398 Queens Chapel Rd.
Hyattsville 20782
(38.95550652600048, -76.96304356299964)"
NFS,03/17/2013,252,5398 Queens Chapel Rd.,Hyattsville,Prince George's,20782,"5398 Queens Chapel Rd.
Hyattsville 20782
(38.95550652600048, -76.96304356299964)"
NFS,03/17/2013,252,5398 Queens Chapel Rd.,Hyattsville,Prince George's,20782,"5398 Queens Chapel Rd.
Hyattsville 20782
(38.95550652600048, -76.96304356299964)"
NFS,03/17/2013,252,5398 Queens Chapel Rd.,Hyattsville,Prince George's,20782,"5398 Queens Chapel Rd.
Hyattsville 20782
(38.95550652600048, -76.96304356299964)"
NFS,03/17/2013,252,5398 Queens Chapel Rd.,Hyattsville,Prince George's,20782,"5398 Queens Chapel Rd.
Hyattsville 20782
(38.95550652600048, -76.96304356299964)"
NFS,03/17/2013,252,5398 Queens Chapel Rd.,Hyattsville,Prince George's,20782,"5398 Queens Chapel Rd.
Hyattsville 20782
(38.95550652600048, -76.96304356299964)"
NFS - self inflicted,05/30/2013,2310,Tahona Dr & Lebanon St,Hyattsville,Prince George's,20783,"Tahona Dr &amp; Lebanon St
Hyattsville 20783
(38.989117982000494, -76.97670956599967)"
NFS,06/26/2013,1333,7957 15th Ave,Hyattsville,Prince George's,20783,"7957 15th Ave
Hyattsville 20783
(38.98721555700047, -76.98108054299968)"
NFS,01/01/2013,28,1418 East West Hwy,Hyattsville,Prince George's,20783,"1418 East West Hwy
Hyattsville 20783
(38.97452724100049, -76.98418332399967)"
NFS - self inflicted,03/03/2013,1643,908 Karlson Ave.,Hyattsville,Prince George's,20783,"908 Karlson Ave.
Hyattsville 20783
(38.968592990000445, -76.99198081499964)"
NFS,09/19/2013,2235,5321 85th Ave,New Carrollton,Prince George's,20784,"5321 85th Ave
New Carrollton 20784
(38.95549249400045, -76.86826981999963)"
NFS,10/24/2013,1629,1401 Kanawha St,Hyattsville,Prince George's,20784,"1401 Kanawha St
Hyattsville 20784
(38.988259463000475, -76.98364499799965)"
NFS,10/18/2013,158,W/B Rt 50 at Rt 202,Cheverly,Prince George's,20785,"W/B Rt 50 at Rt 202
Cheverly 20785
(38.91917642700048, -76.88199713599965)"
NFS,10/12/2013,2305,3206 Shekhar Ct,Springdale,Prince George's,20785,"3206 Shekhar Ct
Springdale 20785
(38.91917642700048, -76.88199713599965)"
NFS,12/17/2013,1044,1944 Rochelle Ave,District Heights,Prince George's,20785,"1944 Rochelle Ave
District Heights 20785
(38.863430062000475, -76.89372484399968)"
NFS,12/03/2013,1811,4119 Shell St,Capitol Heights,Prince George's,20785,"4119 Shell St
Capitol Heights 20785
(38.87189602900048, -76.93574754999963)"
NFS,10/26/2013,41,3001 Hospital Dr,Cheverly,Prince George's,20785,"3001 Hospital Dr
Cheverly 20785
(38.93172104200045, -76.91928616299964)"
NFS,09/08/2013,200,1902 Vermont Ave,Landover,Prince George's,20785,"1902 Vermont Ave
Landover 20785
(38.9159210360005, -76.89031383799966)"
NFS,01/14/2013,2230,3900 Blk Morningwood Dr,Olney,Montgomery,20832,"3900 Blk Morningwood Dr
Olney 20832
(39.15279868300047, -77.07121777999964)"
NFS,03/21/2013,45,13006 Freeland Rd.,Rockville,Montgomery,20853,"13006 Freeland Rd.
Rockville 20853
(39.06956398900047, -77.09004460699964)"
NFS,03/21/2013,45,13006 Freeland Rd.,Rockville,Montgomery,20853,"13006 Freeland Rd.
Rockville 20853
(39.06956398900047, -77.09004460699964)"
NFS,08/05/2013,130,17408 Onax Drive,Germantown,Montgomery,20874,"17408 Onax Drive
Germantown 20874
(39.14210243400049, -77.29906161499963)"
NFS,10/19/2013,2230,Washington Grove Ln @ Mineral Springs Dr,Gaithersburg,Montgomery,20877,"Washington Grove Ln @ Mineral Springs Dr
Gaithersburg 20877
(39.15235351700045, -77.16477693299964)"
NFS,10/19/2013,2230,Washington Grove Ln @ Mineral Springs Dr,Gaithersburg,Montgomery,20877,"Washington Grove Ln @ Mineral Springs Dr
Gaithersburg 20877
(39.15235351700045, -77.16477693299964)"
NFS,05/20/2013,1700,10631 Stedwick Road,Gaithersburg,Montgomery,20886,"10631 Stedwick Road
Gaithersburg 20886
(39.17462131400049, -77.21200304799964)"
NFS - self inflicted,08/23/2013,1740,18902 Mills Choice Rd,Montgomery Village,Montgomery,20886,"18902 Mills Choice Rd
Montgomery Village 20886
(39.166891304000444, -77.20816234899968)"
NFS,05/10/2013,2040,8875 Piney Branch Rd.,Silver Spring,Montgomery,20903,"8875 Piney Branch Rd.
Silver Spring 20903
(38.999823285000446, -76.99115808699963)"
NFS,11/04/2013,107,600 Blk Pinehurst St,Aberdeen,Harford,21001,"600 Blk Pinehurst St
Aberdeen 21001
(39.51246954800047, -76.18356791699966)"
NFS,03/09/2013,1800,"200 Blk Perrywood Ct.,",Aberdeen,Harford,21001,"200 Blk Perrywood Ct.,
Aberdeen 21001
(39.51246954800047, -76.18356791699966)"
NFS,01/01/2013,1750,4529 Chapelgate Ct.,Belcamp,Harford,21017,"4529 Chapelgate Ct.
Belcamp 21017
(39.4777022990005, -76.24305026999963)"
NFS,04/13/2013,0,Unknown,Cockeysville,Baltimore,21030,"Unknown
Cockeysville 21030
(39.4759367420005, -76.63450996799963)"
NFS,06/10/2013,2007,1800 block of Grempler Way,Edgewood,Harford,21040,"1800 block of Grempler Way
Edgewood 21040
(39.43067916500047, -76.30299908299963)"
NFS,05/27/2013,1450,Brookside Dr,Edgewood,Harford,21040,"Brookside Dr
Edgewood 21040
(39.432878778000486, -76.31667143399966)"
NFS,01/31/2013,2230,1600 Blk Candlewood Ct.,Edgewood,Harford,21040,"1600 Blk Candlewood Ct.
Edgewood 21040
(39.43067916500047, -76.30299908299963)"
NFS,06/05/2013,2300,1800 block of Grempler Way,Edgewood,Harford,21040,"1800 block of Grempler Way
Edgewood 21040
(39.43067916500047, -76.30299908299963)"
NFS,08/22/2013,15,5895 Harpers Farm Rd,Columbia,Howard,21044,"5895 Harpers Farm Rd
Columbia 21044
(39.21843515900048, -76.87990826799967)"
NFS - self inflicted,07/22/2013,1958,10 E Jarrettsville Rd,Forest Hill,Harford,21050,"10 E Jarrettsville Rd
Forest Hill 21050
(39.58494738100046, -76.38648552899963)"
NFS - self inflicted,07/18/2013,54,2119 High Point Rd,Forest Hill,Harford,21050,"2119 High Point Rd
Forest Hill 21050
(39.572679036000466, -76.42431839799963)"
NFS,01/28/2013,2140,7800 Blk South Hampton Dr.,Glen Burnie,Anne Arundel,21060,"7800 Blk South Hampton Dr.
Glen Burnie 21060
(39.16437812300046, -76.59467930199963)"
NFS,05/10/2013,1654,7900 Blk Elvaton Rd.,Glen Burnie,Anne Arundel,21061,"7900 Blk Elvaton Rd.
Glen Burnie 21061
(39.15703940800046, -76.62936982599967)"
NFS,09/24/2013,104,400 block of Secret Bend,Glen Burnie,Anne Arundel,21061,"400 block of Secret Bend
Glen Burnie 21061
(39.15703940800046, -76.62936982599967)"
NFS,04/28/2013,28,MD Rt. 100 & I-97,Glen Burnie,Anne Arundel,21061,"MD Rt. 100 &amp; I-97
Glen Burnie 21061
(39.15703940800046, -76.62936982599967)"
NFS,03/31/2013,15,Keeton Road,Elkridge,Howard,21075,"Keeton Road
Elkridge 21075
(39.18948096200046, -76.78650171799967)"
NFS - self inflicted,03/26/2013,1447,580 Trimble Rd.,Joppatowne,Harford,21085,"580 Trimble Rd.
Joppatowne 21085
(39.41866620100046, -76.34743815499968)"
NFS - self inflicted,11/11/2013,2125,5179 Raynor Ave,Linthicum,Anne Arundel,21090,"5179 Raynor Ave
Linthicum 21090
(39.22341536300047, -76.65924628899967)"
NFS,11/11/2013,2125,5179 Raynor Ave,Linthicum,Anne Arundel,21090,"5179 Raynor Ave
Linthicum 21090
(39.22341536300047, -76.65924628899967)"
NFS,01/25/2013,1625,150 Ridgely Rd West,Lutherville,Baltimore,21093,"150 Ridgely Rd West
Lutherville 21093
(39.442219500000476, -76.63706917599967)"
NFS,04/04/2013,1600,5400 York Rd.,Baltimore,Balto. City,21093,"5400 York Rd.
Baltimore 21093
(39.3556104270005, -76.60992214599963)"
NFS,01/19/2013,125,1600 Blk Annapolis Rd.,Odenton,Anne Arundel,21113,"1600 Blk Annapolis Rd.
Odenton 21113
(39.07779954300048, -76.70878783599966)"
NFS,02/10/2013,127,1600 Blk Annapolis Rd.,Odenton,Anne Arundel,21113,"1600 Blk Annapolis Rd.
Odenton 21113
(39.07779954300048, -76.70878783599966)"
NFS,01/19/2013,125,1600 Blk Annapolis Rd.,Odenton,Anne Arundel,21113,"1600 Blk Annapolis Rd.
Odenton 21113
(39.07779954300048, -76.70878783599966)"
NFS,07/23/2013,2115,700 block of Chapelview Dr,Odenton,Anne Arundel,21113,"700 block of Chapelview Dr
Odenton 21113
(39.07779954300048, -76.70878783599966)"
NFS,05/13/2013,30,S/B 795 @ Owwings Mills Blvd.,Owings Mills,Baltimore,21117,"S/B 795 @ Owwings Mills Blvd.
Owings Mills 21117
(39.41734868800046, -76.78600727499963)"
NFS,07/22/2013,1250,Carriage Hill Cir and Pikeswood Dr,Randallstown,Baltimore,21133,"Carriage Hill Cir and Pikeswood Dr
Randallstown 21133
(39.371542512000474, -76.81169913599967)"
NFS,10/17/2013,2104,3932 Sadie Rd,Baltimore,Baltimore,21133,"3932 Sadie Rd
Baltimore 21133
(39.37505809600049, -76.78541010299966)"
NFS,03/16/2013,0,9827 Southall Rd.,Woodlawn,Baltimore,21133,"9827 Southall Rd.
Woodlawn 21133
(39.38301344900049, -76.81996127199966)"
NFS,09/29/2013,1233,3447 Carriage Hill Circ,Randallstown,Baltimore,21133,"3447 Carriage Hill Circ
Randallstown 21133
(39.36935112700047, -76.81078007999963)"
NFS,11/14/2013,1630,8200 blk of Marlton Ct,Severn,Anne Arundel,21144,"8200 blk of Marlton Ct
Severn 21144
(39.126259390000484, -76.69088641399964)"
NFS,08/22/2013,2330,Meade Village Rd & Meade Village Cir,Severn,Anne Arundel,21144,"Meade Village Rd &amp; Meade Village Cir
Severn 21144
(39.126259390000484, -76.69088641399964)"
NFS,12/12/2013,1130,610 Sullivan Rd,Westminster,Carroll,21157,"610 Sullivan Rd
Westminster 21157
(39.60843549300046, -76.97239548099964)"
NFS,04/10/2013,48,800 Vine St.,Baltimore,Balto. City,21201,"800 Vine St.
Baltimore 21201
(39.2905966780005, -76.62992377899963)"
NFS,12/12/2013,807,22 N Poppleton St,Baltimore,Balto. City,21201,"22 N Poppleton St
Baltimore 21201
(39.289094097000486, -76.63219165199968)"
NFS,12/22/2013,315,300 Park Ave,Baltimore,Balto. City,21201,"300 Park Ave
Baltimore 21201
(39.29304885200048, -76.61813760799964)"
NFS,06/25/2013,1835,700 N Martin Luther King Blvd,Baltimore,Balto. City,21201,"700 N Martin Luther King Blvd
Baltimore 21201
(39.29883350200049, -76.62384982199967)"
NFS,08/04/2013,515,600 W Lexington St,Baltimore,Balto. City,21201,"600 W Lexington St
Baltimore 21201
(39.29167783200046, -76.62395122199968)"
NFS,02/23/2013,237,607 George St.,Baltimore,Balto. City,21201,"607 George St.
Baltimore 21201
(39.29558094300046, -76.62601521299968)"
NFS,09/02/2013,2300,100 S Greene St,Baltimore,Balto. City,21201,"100 S Greene St
Baltimore 21201
(39.29042875800047, -76.62378644499967)"
NFS,11/08/2013,2129,1133 Pennsylvania Ave,Baltimore,Balto. City,21201,"1133 Pennsylvania Ave
Baltimore 21201
(39.299333592000494, -76.62941188599967)"
NFS,06/25/2013,1835,700 N Martin Luther King Blvd,Baltimore,Balto. City,21201,"700 N Martin Luther King Blvd
Baltimore 21201
(39.29883350200049, -76.62384982199967)"
NFS,01/02/2013,1900,700 W. Fayette St,Baltimore,Balto. City,21201,"700 W. Fayette St
Baltimore 21201
(39.290179357000454, -76.62697604599964)"
NFS,02/12/2013,1929,1700 Madison Ave.,Baltimore,Balto. City,21201,"1700 Madison Ave.
Baltimore 21201
(39.30632804400045, -76.63101390199967)"
NFS,01/14/2013,1439,200 N. Fremont Ave.,Baltimore,Balto. City,21201,"200 N. Fremont Ave.
Baltimore 21201
(39.291172676000485, -76.63016696999966)"
NFS,10/11/2013,134,100 Penn St,Baltimore,Balto. City,21201,"100 Penn St
Baltimore 21201
(39.28747052900047, -76.62597468299964)"
NFS,06/26/2013,1958,734 W Cherry Blossom Way,Baltimore,Balto. City,21201,"734 W Cherry Blossom Way
Baltimore 21201
(39.29317473900045, -76.62954037399965)"
NFS,08/10/2013,2215,500 Orchard St,Baltimore,Balto. City,21201,"500 Orchard St
Baltimore 21201
(39.297693895000464, -76.62358940599967)"
NFS,01/14/2013,1439,200 N. Fremont Ave.,Baltimore,Balto. City,21201,"200 N. Fremont Ave.
Baltimore 21201
(39.291172676000485, -76.63016696999966)"
NFS,06/08/2013,158,400 W Fayette St,Baltimore,Balto. City,21201,"400 W Fayette St
Baltimore 21201
(39.29040552400045, -76.62111589299963)"
NFS,08/10/2013,2215,500 Orchard St,Baltimore,Balto. City,21201,"500 Orchard St
Baltimore 21201
(39.297693895000464, -76.62358940599967)"
NFS,09/03/2013,356,200 Harmison St,Baltimore,Balto. City,21202,"200 Harmison St
Baltimore 21202
(39.28495097400048, -76.64921807999963)"
NFS,08/19/2013,330,800 Guilford Ave,Baltimore,Balto. City,21202,"800 Guilford Ave
Baltimore 21202
(39.298840494000444, -76.61159943499968)"
NFS,08/17/2013,2141,1200 E Eager St,Baltimore,Balto. City,21202,"1200 E Eager St
Baltimore 21202
(39.301591173000475, -76.60190340299965)"
NFS,06/13/2013,2302,934 Webb Ct,Baltimore,Balto. City,21202,"934 Webb Ct
Baltimore 21202
(39.3006461170005, -76.60412386199965)"
NFS,05/26/2013,1627,900 E. Biddle St,Baltimore,Balto. City,21202,"900 E. Biddle St
Baltimore 21202
(39.30392773900047, -76.60488211099965)"
NFS,08/17/2013,2141,1200 E Eager St,Baltimore,Balto. City,21202,"1200 E Eager St
Baltimore 21202
(39.301591173000475, -76.60190340299965)"
NFS,08/06/2013,2341,1400 Guilford Ave,Baltimore,Balto. City,21202,"1400 Guilford Ave
Baltimore 21202
(39.29964000700045, -76.61163473999966)"
NFS,07/31/2013,2300,700 E Preston St,Baltimore,Balto. City,21202,"700 E Preston St
Baltimore 21202
(39.30484841300046, -76.60805203699965)"
NFS,08/19/2013,330,800 Guilford Ave,Baltimore,Balto. City,21202,"800 Guilford Ave
Baltimore 21202
(39.298840494000444, -76.61159943499968)"
NFS,09/08/2013,242,1100 Orleans St,Baltimore,Balto. City,21202,"1100 Orleans St
Baltimore 21202
(39.29488274200048, -76.60455797099968)"
NFS,01/04/2013,1455,1700 Barclay St.,Baltimore,Balto. City,21202,"1700 Barclay St.
Baltimore 21202
(39.309168317000456, -76.61082557999964)"
NFS,08/17/2013,2141,1200 E Eager St,Baltimore,Balto. City,21202,"1200 E Eager St
Baltimore 21202
(39.301591173000475, -76.60190340299965)"
NFS,09/08/2013,242,1100 Orleans St,Baltimore,Balto. City,21202,"1100 Orleans St
Baltimore 21202
(39.29488274200048, -76.60455797099968)"
NFS,01/30/2013,2001,500 E. Baltimore St.,Baltimore,Balto. City,21202,"500 E. Baltimore St.
Baltimore 21202
(39.28981804900047, -76.60852101699965)"
NFS,11/02/2013,1417,1300 Ensor St,Baltimore,Balto. City,21202,"1300 Ensor St
Baltimore 21202
(39.30508957900048, -76.60365721199963)"
NFS,06/20/2013,1628,"800 Abbott Ct,",Baltimore,Balto. City,21202,"800 Abbott Ct,
Baltimore 21202
(39.30115444600045, -76.60613332799966)"
NFS,08/29/2013,2222,1700 Ruxton Ave,Baltimore,Balto. City,21204,"1700 Ruxton Ave
Baltimore 21204
(39.307711361000486, -76.65502628399963)"
NFS,01/10/2013,2119,4500 Ashland Ave.,Baltimore,Balto. City,21205,"4500 Ashland Ave.
Baltimore 21205
(39.30188820100045, -76.55939117699967)"
NFS,07/31/2013,144,623 N Luzerne Ave,Baltimore,Balto. City,21205,"623 N Luzerne Ave
Baltimore 21205
(39.29856271500046, -76.58083514099962)"
NFS,06/22/2013,127,740 N Kenwood Ave,Baltimore,Balto. City,21205,"740 N Kenwood Ave
Baltimore 21205
(39.299868251000476, -76.57814571599965)"
NFS,06/22/2013,127,740 N Kenwood Ave,Baltimore,Balto. City,21205,"740 N Kenwood Ave
Baltimore 21205
(39.299868251000476, -76.57814571599965)"
NFS,08/19/2013,143,2700 Jefferson St,Baltimore,Balto. City,21205,"2700 Jefferson St
Baltimore 21205
(39.296878080000454, -76.57891198299967)"
NFS,06/22/2013,127,740 N Kenwood Ave,Baltimore,Balto. City,21205,"740 N Kenwood Ave
Baltimore 21205
(39.299868251000476, -76.57814571599965)"
NFS,06/22/2013,127,740 N Kenwood Ave,Baltimore,Balto. City,21205,"740 N Kenwood Ave
Baltimore 21205
(39.299868251000476, -76.57814571599965)"
NFS,08/09/2013,1821,2700 Jefferson St,Baltimore,Balto. City,21205,"2700 Jefferson St
Baltimore 21205
(39.296878080000454, -76.57891198299967)"
NFS,08/27/2013,2220,"1500 Lester Morton Ct,",Baltimore,Balto. City,21205,"1500 Lester Morton Ct,
Baltimore 21205
(39.29863427400045, -76.59750215299965)"
NFS,05/05/2013,1854,2900 E. Monument St.,Baltimore,Balto. City,21205,"2900 E. Monument St.
Baltimore 21205
(39.29909852700047, -76.57648182099967)"
NFS,09/29/2013,1828,2700 Ashland Ave,Baltimore,Balto. City,21205,"2700 Ashland Ave
Baltimore 21205
(39.301097736000486, -76.57944203299968)"
NFS,05/15/2013,1844,514 N. Glover St.,Baltimore,Balto. City,21205,"514 N. Glover St.
Baltimore 21205
(39.29737816900047, -76.58010574699966)"
NFS,04/10/2013,1911,1600 E. Madison St.,Baltimore,Balto. City,21205,"1600 E. Madison St.
Baltimore 21205
(39.29939812000049, -76.59576179999965)"
NFS,04/13/2013,2304,623 N. Eden St.,Baltimore,Balto. City,21205,"623 N. Eden St.
Baltimore 21205
(39.29666000900045, -76.59897079999968)"
NFS,12/28/2013,1259,500 McElderry St,Baltimore,Balto. City,21205,"500 McElderry St
Baltimore 21205
(39.29580601100048, -76.60374013299963)"
NFS,01/22/2013,2125,600 N. Milton Ave.,Baltimore,Balto. City,21205,"600 N. Milton Ave.
Baltimore 21205
(39.29783793000047, -76.58227549399965)"
NFS,10/09/2013,1950,2423 Monument St,Baltimore,Balto. City,21205,"2423 Monument St
Baltimore 21205
(39.29878280200046, -76.58293920799963)"
NFS,05/05/2013,1854,2900 E. Monument St.,Baltimore,Balto. City,21205,"2900 E. Monument St.
Baltimore 21205
(39.29909852700047, -76.57648182099967)"
NFS,09/12/2013,145,2600 E Monument St,Baltimore,Balto. City,21205,"2600 E Monument St
Baltimore 21205
(39.29893835900049, -76.58072221799966)"
NFS,07/23/2013,1700,1000 N Patterson Pk,Baltimore,Balto. City,21205,"1000 N Patterson Pk
Baltimore 21205
(39.30198178000046, -76.58536419599966)"
NFS,12/28/2013,1259,500 McElderry St,Baltimore,Balto. City,21205,"500 McElderry St
Baltimore 21205
(39.29580601100048, -76.60374013299963)"
NFS,07/26/2013,139,2712 Jefferson St,Baltimore,Balto. City,21205,"2712 Jefferson St
Baltimore 21205
(39.2968976680005, -76.57846144099966)"
NFS,09/22/2013,1145,2300 E Madison Ave,Baltimore,Balto. City,21205,"2300 E Madison Ave
Baltimore 21205
(39.299827921000485, -76.58473215799967)"
NFS,06/05/2013,1158,4705 Althea Ave,Baltimore,Balto. City,21206,"4705 Althea Ave
Baltimore 21206
(39.33228885200049, -76.55784827099967)"
NFS,05/11/2013,1855,4930 Belair Rd.,Baltimore,Balto. City,21206,"4930 Belair Rd.
Baltimore 21206
(39.335584378000476, -76.55534781999967)"
NFS,08/29/2013,2041,5900 Moravia Rd,Baltimore,Balto. City,21206,"5900 Moravia Rd
Baltimore 21206
(39.31748087800048, -76.54552576899965)"
NFS,06/30/2013,2324,5820 Moores Run Ct,Baltimore,Balto. City,21206,"5820 Moores Run Ct
Baltimore 21206
(39.33470633900049, -76.53633056099966)"
NFS,08/21/2013,1717,4100 Eierman Ave,Baltimore,Balto. City,21206,"4100 Eierman Ave
Baltimore 21206
(39.329945111000484, -76.56590387299963)"
NFS,12/31/2013,1700,4200 Woodlea Ave,Baltimore,Balto. City,21206,"4200 Woodlea Ave
Baltimore 21206
(39.33437420100046, -76.55687320699963)"
NFS,05/11/2013,1930,600 Whitmore Ave.,Baltimore,Balto. City,21206,"600 Whitmore Ave.
Baltimore 21206
(39.294749536000495, -76.65789531199965)"
NFS,04/08/2013,2017,Old Home Rd. & Meadow Rd.,Overlea,Baltimore,21206,"Old Home Rd. &amp; Meadow Rd.
Overlea 21206
(39.33572776000045, -76.54174844599964)"
NFS,06/30/2013,2324,5820 Moores Run Ct,Baltimore,Balto. City,21206,"5820 Moores Run Ct
Baltimore 21206
(39.33470633900049, -76.53633056099966)"
NFS,06/15/2013,1615,5500 Bowleys La,Baltimore,Balto. City,21206,"5500 Bowleys La
Baltimore 21206
(39.31914592600049, -76.55168125899968)"
NFS,01/31/2013,2136,5900 Radecke Ave.,Baltimore,Balto. City,21206,"5900 Radecke Ave.
Baltimore 21206
(39.330591764000474, -76.53284324299966)"
NFS,04/08/2013,2017,Old Home Rd. & Meadow Rd.,Overlea,Baltimore,21206,"Old Home Rd. &amp; Meadow Rd.
Overlea 21206
(39.33572776000045, -76.54174844599964)"
NFS,05/10/2013,1653,4900 Belair Rd.,Baltimore,Balto. City,21206,"4900 Belair Rd.
Baltimore 21206
(39.33452427900045, -76.55687689799964)"
NFS,06/15/2013,1615,5500 Bowleys La,Baltimore,Balto. City,21206,"5500 Bowleys La
Baltimore 21206
(39.31914592600049, -76.55168125899968)"
NFS,06/05/2013,1158,4705 Althea Ave,Baltimore,Balto. City,21206,"4705 Althea Ave
Baltimore 21206
(39.33228885200049, -76.55784827099967)"
NFS,07/15/2013,204,4500 Hamilton Ave.,Baltimore,Balto. City,21206,"4500 Hamilton Ave.
Baltimore 21206
(39.339287811000474, -76.54137294599963)"
NFS,02/14/2013,1837,4200 Nicholas Ave.,Baltimore,Balto. City,21206,"4200 Nicholas Ave.
Baltimore 21206
(39.32917256000047, -76.56398389199967)"
NFS,06/08/2013,0,1808 Woodlawn Dr,Woodlawn,Baltimore,21207,"1808 Woodlawn Dr
Woodlawn 21207
(39.317002681000474, -76.73729772799965)"
NFS,11/21/2013,1947,3900 Gwynn Oak Ave,Baltimore,Balto. City,21207,"3900 Gwynn Oak Ave
Baltimore 21207
(39.336154757000486, -76.69323101399965)"
NFS,05/04/2013,1451,5100 Windsor Mill Rd.,Baltimore,Balto. City,21207,"5100 Windsor Mill Rd.
Baltimore 21207
(39.30980783300049, -76.70487943099965)"
NFS,02/12/2013,2017,3317 St. Luke's Lane,Gwynn Oak,Baltimore,21207,"3317 St. Luke's Lane
Gwynn Oak 21207
(39.34118856500049, -76.72963688799967)"
NFS,12/02/2013,1923,3900 Gwynn Oak Ave,Baltimore,Balto. City,21207,"3900 Gwynn Oak Ave
Baltimore 21207
(39.336154757000486, -76.69323101399965)"
NFS,08/13/2013,226,4015 Maine Ave,Baltimore,Balto. City,21207,"4015 Maine Ave
Baltimore 21207
(39.32753338500049, -76.68761824999967)"
NFS,06/15/2013,144,1114 Ingleside Ave,Woodlawn,Baltimore,21207,"1114 Ingleside Ave
Woodlawn 21207
(39.29384912800049, -76.72990906699965)"
NFS,05/01/2013,231,4500 Franklintown Rd.,Baltimore,Balto. City,21207,"4500 Franklintown Rd.
Baltimore 21207
(39.3035706550005, -76.70935401599968)"
NFS,10/04/2013,1849,1413 Ingleside Ave,Woodlawn,Baltimore,21207,"1413 Ingleside Ave
Woodlawn 21207
(39.297206480000455, -76.72498329199965)"
NFS,05/21/2013,1451,3602 Gwynn Oak Ave,Baltimore,Balto. City,21207,"3602 Gwynn Oak Ave
Baltimore 21207
(39.331785305000494, -76.69546067999966)"
NFS - self inflicted,01/14/2013,1822,5600 Belle Ave.,Baltimore,Balto. City,21207,"5600 Belle Ave.
Baltimore 21207
(39.33934312100047, -76.70227066399963)"
NFS,11/20/2013,2136,1400 blk Barrett Rd,Woodlawn,Balto. City,21207,"1400 blk Barrett Rd
Woodlawn 21207
(39.324526336000474, -76.71670878199967)"
NFS,05/23/2013,2300,7006 Concord Road,Pikesville,Baltimore,21208,"7006 Concord Road
Pikesville 21208
(39.36073332600046, -76.71612548299964)"
NFS,08/14/2013,142,4003 Roland Ave,Baltimore,Balto. City,21211,"4003 Roland Ave
Baltimore 21211
(39.33748679500047, -76.63307614199965)"
NFS,02/22/2013,2126,5100 York Rd.,Baltimore,Balto. City,21212,"5100 York Rd.
Baltimore 21212
(39.35097311400045, -76.60975698199968)"
NFS,09/25/2013,1850,5900 Chinquapin Pkwy,Baltimore,Balto. City,21212,"5900 Chinquapin Pkwy
Baltimore 21212
(39.363660842000456, -76.59685908399968)"
NFS,09/25/2013,1850,5900 Chinquapin Pkwy,Baltimore,Balto. City,21212,"5900 Chinquapin Pkwy
Baltimore 21212
(39.363660842000456, -76.59685908399968)"
NFS,07/01/2013,1520,4400 Alhambra Ave,Baltimore,Balto. City,21212,"4400 Alhambra Ave
Baltimore 21212
(39.343597410000484, -76.60722339499966)"
NFS,07/24/2013,1247,502 Chateau Ave,Baltimore,Balto. City,21212,"502 Chateau Ave
Baltimore 21212
(39.350847503000466, -76.60911789899967)"
NFS,01/01/2013,2110,1400 N. Caroline St,Baltimore,Balto. City,21213,"1400 N. Caroline St
Baltimore 21213
(39.30680844400047, -76.59815624099963)"
NFS,04/25/2013,1538,3125 Pelham Ave.,Baltimore,Balto. City,21213,"3125 Pelham Ave.
Baltimore 21213
(39.32323652600047, -76.56875692299963)"
NFS,12/26/2013,2314,3117 Cliftmont Ave,Baltimore,Balto. City,21213,"3117 Cliftmont Ave
Baltimore 21213
(39.31928419900049, -76.57500805199965)"
NFS,07/30/2013,1817,2400 E Oliver St,Baltimore,Balto. City,21213,"2400 E Oliver St
Baltimore 21213
(39.30791809200048, -76.58411223099966)"
NFS,07/22/2013,1532,2500 E Preston St,Baltimore,Balto. City,21213,"2500 E Preston St
Baltimore 21213
(39.305857811000465, -76.58255204099964)"
NFS,03/03/2013,1030,1100 N. Montford Ave.,Baltimore,Balto. City,21213,"1100 N. Montford Ave.
Baltimore 21213
(39.30396806900046, -76.58406613899967)"
NFS,08/08/2013,2124,1200 N Caroline St,Baltimore,Balto. City,21213,"1200 N Caroline St
Baltimore 21213
(39.3042884030005, -76.59800644499967)"
NFS,06/20/2013,426,"2000 E Chase St,",Baltimore,Balto. City,21213,"2000 E Chase St,
Baltimore 21213
(39.303457609000475, -76.58974112699963)"
NFS,03/16/2013,47,2100 E. North Ave.,Baltimore,Balto. City,21213,"2100 E. North Ave.
Baltimore 21213
(39.31245808100044, -76.58834225699968)"
NFS,05/26/2013,49,1401 N Lakewood Ave,Baltimore,Balto. City,21213,"1401 N Lakewood Ave
Baltimore 21213
(39.3075124880005, -76.57996516799966)"
NFS,12/14/2013,1431,1400 N Luzerne Ave,Baltimore,Balto. City,21213,"1400 N Luzerne Ave
Baltimore 21213
(39.307048119000456, -76.58143547999964)"
NFS,01/10/2013,1040,2000 Hoffman St.,Baltimore,Balto. City,21213,"2000 Hoffman St.
Baltimore 21213
(39.30661831800046, -76.58991166499965)"
NFS,04/27/2013,42,2700 E. Chase St.,Baltimore,Balto. City,21213,"2700 E. Chase St.
Baltimore 21213
(39.303818273000445, -76.57963100599966)"
NFS,08/23/2013,1709,1400 E Lanvale St,Baltimore,Balto. City,21213,"1400 E Lanvale St
Baltimore 21213
(39.309414254000444, -76.59992343899967)"
NFS,07/09/2013,225,1800 E Lanvale St,Baltimore,Balto. City,21213,"1800 E Lanvale St
Baltimore 21213
(39.30970758500047, -76.59245129499965)"
NFS,02/05/2013,1649,2722 E. Biddle St.,Baltimore,Balto. City,21213,"2722 E. Biddle St.
Baltimore 21213
(39.30491754900049, -76.57914013499965)"
NFS,12/14/2013,1431,1400 N Luzerne Ave,Baltimore,Balto. City,21213,"1400 N Luzerne Ave
Baltimore 21213
(39.307048119000456, -76.58143547999964)"
NFS,06/10/2013,28,1800 Rutland Ave,Baltimore,Balto. City,21213,"1800 Rutland Ave
Baltimore 21213
(39.31105805900046, -76.59301591199966)"
NFS,01/26/2013,1442,1300 N. Broadway,Baltimore,Balto. City,21213,"1300 N. Broadway
Baltimore 21213
(39.305457970000475, -76.59485610599967)"
NFS,05/28/2013,1340,1345 N Patterson Pk,Baltimore,Balto. City,21213,"1345 N Patterson Pk
Baltimore 21213
(39.3066621050005, -76.58558484699967)"
NFS,06/27/2013,2107,3336 Elmora Ave,Baltimore,Balto. City,21213,"3336 Elmora Ave
Baltimore 21213
(39.3159183840005, -76.57605086699965)"
NFS,12/18/2013,1826,3200 Brendan Ave,Baltimore,Balto. City,21213,"3200 Brendan Ave
Baltimore 21213
(39.32220408100045, -76.56960269799964)"
NFS,08/03/2013,120,1500 Rutland Ave,Baltimore,Balto. City,21213,"1500 Rutland Ave
Baltimore 21213
(39.30788813200047, -76.59280619699967)"
NFS,06/29/2013,2039,2900 Edison Hwy,Baltimore,Balto. City,21213,"2900 Edison Hwy
Baltimore 21213
(39.31715578100045, -76.57296276699964)"
NFS,03/28/2013,1525,3117 Lawnview Ave.,Baltimore,Balto. City,21213,"3117 Lawnview Ave.
Baltimore 21213
(39.319784290000484, -76.57442845499963)"
NFS,08/13/2013,1941,3330 Dudley Ave,Baltimore,Balto. City,21213,"3330 Dudley Ave
Baltimore 21213
(39.32279405000048, -76.56428376499963)"
NFS,12/14/2013,1431,1400 N Luzerne Ave,Baltimore,Balto. City,21213,"1400 N Luzerne Ave
Baltimore 21213
(39.307048119000456, -76.58143547999964)"
NFS - self inflicted,06/25/2013,1912,Sinclair Ln and St. Lo Dr,Baltimore,Balto. City,21213,"Sinclair Ln and St. Lo Dr
Baltimore 21213
(39.31427420600045, -76.59054835099965)"
NFS,08/11/2013,2306,2300 E Hoffman St,Baltimore,Balto. City,21213,"2300 E Hoffman St
Baltimore 21213
(39.30681766200047, -76.58516195899966)"
NFS,12/14/2013,1431,1400 N Luzerne Ave,Baltimore,Balto. City,21213,"1400 N Luzerne Ave
Baltimore 21213
(39.307048119000456, -76.58143547999964)"
NFS,06/10/2013,28,1800 Rutland Ave,Baltimore,Balto. City,21213,"1800 Rutland Ave
Baltimore 21213
(39.31105805900046, -76.59301591199966)"
NFS,04/20/2013,2245,3300 Dudley Ave.,Baltimore,Balto. City,21213,"3300 Dudley Ave.
Baltimore 21213
(39.323244591000446, -76.56490369199963)"
NFS,06/17/2013,1756,1319 N Luzerne Ave,Baltimore,Balto. City,21213,"1319 N Luzerne Ave
Baltimore 21213
(39.30633255200047, -76.58131564299964)"
NFS,10/04/2013,1330,3800 Ravenwood Ave,Baltimore,Balto. City,21213,"3800 Ravenwood Ave
Baltimore 21213
(39.315698298000484, -76.56394384199967)"
NFS,09/19/2013,1404,1700 N Milton Ave,Baltimore,Balto. City,21213,"1700 N Milton Ave
Baltimore 21213
(39.31015927900046, -76.58300603999965)"
NFS,12/04/2013,1824,3212 Dudley Ave,Baltimore,Balto. City,21213,"3212 Dudley Ave
Baltimore 21213
(39.32378386000045, -76.56564230599963)"
NFS,06/17/2013,1756,1319 N Luzerne Ave,Baltimore,Balto. City,21213,"1319 N Luzerne Ave
Baltimore 21213
(39.30633255200047, -76.58131564299964)"
NFS,04/14/2013,430,3100 Erdman Ave.,Baltimore,Balto. City,21213,"3100 Erdman Ave.
Baltimore 21213
(39.32132053400045, -76.57307219499967)"
NFS,08/11/2013,2306,2300 E Hoffman St,Baltimore,Balto. City,21213,"2300 E Hoffman St
Baltimore 21213
(39.30681766200047, -76.58516195899966)"
NFS,03/16/2013,47,2100 E. North Ave.,Baltimore,Balto. City,21213,"2100 E. North Ave.
Baltimore 21213
(39.31245808100044, -76.58834225699968)"
NFS,01/08/2013,1758,3800 Mannasota Ave,Baltimore,Balto. City,21213,"3800 Mannasota Ave
Baltimore 21213
(39.32245974100044, -76.56684178699965)"
NFS,06/08/2013,2350,3437 Elmorra Ave,Baltimore,Balto. City,21213,"3437 Elmorra Ave
Baltimore 21213
(39.31587344500048, -76.57469002199963)"
NFS,11/24/2013,1736,4000 Boarman Ave,Baltimore,Balto. City,21213,"4000 Boarman Ave
Baltimore 21213
(39.33426260900046, -76.68378754699967)"
NFS,01/04/2013,1956,2900 Markley Ave.,Baltimore,Balto. City,21214,"2900 Markley Ave.
Baltimore 21214
(39.34217543000045, -76.57313674699964)"
NFS,01/27/2013,409,3000 Fleetwood Ave.,Baltimore,Balto. City,21214,"3000 Fleetwood Ave.
Baltimore 21214
(39.362197479000486, -76.55174117799965)"
NFS - self inflicted,06/12/2013,2042,3500 Woodland Ave,Baltimore,Balto. City,21215,"3500 Woodland Ave
Baltimore 21215
(39.342233044000466, -76.67338180699966)"
NFS,07/26/2013,2149,2518 Shirley Ave,Baltimore,Balto. City,21215,"2518 Shirley Ave
Baltimore 21215
(39.33526634800046, -76.66082078399967)"
NFS,11/07/2013,1120,5600 Park Heights Ave,Baltimore,Balto. City,21215,"5600 Park Heights Ave
Baltimore 21215
(39.35253329000045, -76.68463307699966)"
NFS,08/17/2013,258,4400 Park Heights Ave,Baltimore,Balto. City,21215,"4400 Park Heights Ave
Baltimore 21215
(39.33997111500048, -76.66673659899965)"
NFS,12/22/2013,141,3200 Grantley Ave,Baltimore,Balto. City,21215,"3200 Grantley Ave
Baltimore 21215
(39.33677764200047, -76.66886000099964)"
NFS,08/17/2013,258,4400 Park Heights Ave,Baltimore,Balto. City,21215,"4400 Park Heights Ave
Baltimore 21215
(39.33997111500048, -76.66673659899965)"
NFS,01/20/2013,1745,3700 Liberty Heights Ave.,Baltimore,Balto. City,21215,"3700 Liberty Heights Ave.
Baltimore 21215
(39.3264076050005, -76.67908329799963)"
NFS,02/02/2013,336,3411 Reisterstown Rd.,Baltimore,Balto. City,21215,"3411 Reisterstown Rd.
Baltimore 21215
(39.32685930000048, -76.65871441199965)"
NFS,04/24/2013,5,4017 Eldorado Ave.,Baltimore,Balto. City,21215,"4017 Eldorado Ave.
Baltimore 21215
(39.33491029300046, -76.68927523099967)"
NFS,12/29/2013,252,4400 Reisterstown Rd,Baltimore,Balto. City,21215,"4400 Reisterstown Rd
Baltimore 21215
(39.339279745000454, -76.66824378299964)"
NFS,02/02/2013,336,3411 Reisterstown Rd.,Baltimore,Balto. City,21215,"3411 Reisterstown Rd.
Baltimore 21215
(39.32685930000048, -76.65871441199965)"
NFS,06/23/2013,127,5100 Arbutus Ave,Baltimore,Balto. City,21215,"5100 Arbutus Ave
Baltimore 21215
(39.34328968700049, -76.68127263299965)"
NFS,09/28/2013,308,3700 Columbus Dr,Baltimore,Balto. City,21215,"3700 Columbus Dr
Baltimore 21215
(39.33739346100049, -76.67545245799965)"
NFS,03/10/2013,1821,3300 Reisterstown Rd.,Baltimore,Balto. City,21215,"3300 Reisterstown Rd.
Baltimore 21215
(39.32470222900048, -76.65718763899963)"
NFS,12/08/2013,645,3600 Liberty Heights Ave,Baltimore,Balto. City,21215,"3600 Liberty Heights Ave
Baltimore 21215
(39.32574734800045, -76.67662317599968)"
NFS,08/04/2013,2305,3900 Dolfield Ave,Baltimore,Balto. City,21215,"3900 Dolfield Ave
Baltimore 21215
(39.339496374000475, -76.68122078099964)"
NFS,04/19/2013,2150,2401 W. Belvedere Ave.,Baltimore,Balto. City,21215,"2401 W. Belvedere Ave.
Baltimore 21215
(39.35468575400046, -76.66225076499967)"
NFS,06/23/2013,127,5100 Arbutus Ave,Baltimore,Balto. City,21215,"5100 Arbutus Ave
Baltimore 21215
(39.34328968700049, -76.68127263299965)"
NFS,07/22/2013,334,3900 Oakford Ave,Baltimore,Balto. City,21215,"3900 Oakford Ave
Baltimore 21215
(39.335989534000475, -76.68202052899966)"
NFS,12/07/2013,424,4110 W Garrison Ave,Baltimore,Balto. City,21215,"4110 W Garrison Ave
Baltimore 21215
(39.34167073100048, -76.68271413799965)"
NFS,12/07/2013,424,4110 W Garrison Ave,Baltimore,Balto. City,21215,"4110 W Garrison Ave
Baltimore 21215
(39.34167073100048, -76.68271413799965)"
NFS,06/23/2013,127,5100 Arbutus Ave,Baltimore,Balto. City,21215,"5100 Arbutus Ave
Baltimore 21215
(39.34328968700049, -76.68127263299965)"
NFS,08/18/2013,2038,4000 W Belvedere Ave,Baltimore,Balto. City,21215,"4000 W Belvedere Ave
Baltimore 21215
(39.344141222000474, -76.68246409299968)"
NFS,09/06/2013,1328,3000 Spaulding Ave,Baltimore,Balto. City,21215,"3000 Spaulding Ave
Baltimore 21215
(39.34976551000045, -76.67225372399963)"
NFS,09/07/2013,2200,Nadine Dr and Brookmill Rd,Pikesville,Baltimore,21215,"Nadine Dr and Brookmill Rd
Pikesville 21215
(39.35726086300048, -76.71199772499966)"
NFS,01/14/2013,2110,2800 Violet Ave.,Baltimore,Balto. City,21215,"2800 Violet Ave.
Baltimore 21215
(39.32981605500049, -76.66181174599967)"
NFS,01/28/2013,2110,5100 Queensberry Ave.,Baltimore,Balto. City,21215,"5100 Queensberry Ave.
Baltimore 21215
(39.35004205700045, -76.67194606499964)"
NFS,09/07/2013,2200,Nadine Dr and Brookmill Rd,Pikesville,Baltimore,21215,"Nadine Dr and Brookmill Rd
Pikesville 21215
(39.35726086300048, -76.71199772499966)"
NFS,11/25/2013,153,2700 Reisterstown Rd,Baltimore,Balto. City,21215,"2700 Reisterstown Rd
Baltimore 21215
(39.318721886000446, -76.65279629299965)"
NFS,01/07/2013,1539,2800 Norfolk Ave.,Baltimore,Balto. City,21215,"2800 Norfolk Ave.
Baltimore 21215
(39.32807610900045, -76.66032184499966)"
NFS,08/28/2013,2221,5440 Reisterstown Rd,Baltimore,Balto. City,21215,"5440 Reisterstown Rd
Baltimore 21215
(39.34714637400049, -76.68951720899963)"
NFS,04/10/2013,2051,2500 Loyola Southway,Baltimore,Balto. City,21215,"2500 Loyola Southway
Baltimore 21215
(39.33782787100046, -76.65927902999965)"
NFS,12/24/2013,2348,3800 W Belvedere Ave,Baltimore,Balto. City,21215,"3800 W Belvedere Ave
Baltimore 21215
(39.34478189100048, -76.68185338299963)"
NFS,08/18/2013,2038,4000 W Belvedere Ave,Baltimore,Balto. City,21215,"4000 W Belvedere Ave
Baltimore 21215
(39.344141222000474, -76.68246409299968)"
NFS,06/24/2013,2200,Dorchester Rd,Baltimore,Baltimore,21215,"Dorchester Rd
Baltimore 21215
(39.32694191200045, -76.67405049699966)"
NFS,08/26/2013,227,2401 W Belvedere,Baltimore,Balto. City,21215,"2401 W Belvedere
Baltimore 21215
(39.35468575400046, -76.66225076499967)"
NFS,03/01/2013,1722,5100 Chalgrove Ave.,Baltimore,Balto. City,21215,"5100 Chalgrove Ave.
Baltimore 21215
(39.35038082800048, -76.67120629899966)"
NFS,08/18/2013,2038,4000 W Belvedere Ave,Baltimore,Balto. City,21215,"4000 W Belvedere Ave
Baltimore 21215
(39.344141222000474, -76.68246409299968)"
NFS,12/21/2013,136,3100 Wylie Ave,Baltimore,Balto. City,21215,"3100 Wylie Ave
Baltimore 21215
(39.34159667300048, -76.66629689499968)"
NFS,04/10/2013,2051,2500 Loyola Southway,Baltimore,Balto. City,21215,"2500 Loyola Southway
Baltimore 21215
(39.33782787100046, -76.65927902999965)"
NFS,06/29/2013,1520,800 N Bentalou St,Baltimore,Balto. City,21216,"800 N Bentalou St
Baltimore 21216
(39.29743808800049, -76.65340584999967)"
NFS,10/11/2013,1950,3000 Arunah Ave,Baltimore,Balto. City,21216,"3000 Arunah Ave
Baltimore 21216
(39.295127763000494, -76.66687141499966)"
NFS,03/11/2013,2230,2100 Garrison Blvd.,Baltimore,Balto. City,21216,"2100 Garrison Blvd.
Baltimore 21216
(39.31140824200048, -76.67516070499966)"
NFS,12/17/2013,2149,4506 Westchester Ave,Baltimore,Balto. City,21216,"4506 Westchester Ave
Baltimore 21216
(39.31821496700047, -76.69029205499965)"
NFS,04/10/2013,2357,3200 Vickers Rd.,Baltimore,Balto. City,21216,"3200 Vickers Rd.
Baltimore 21216
(39.31785767400049, -76.67156811599966)"
NFS,06/17/2013,2345,1105 N Bentalou St.,Baltimore,Balto. City,21216,"1105 N Bentalou St.
Baltimore 21216
(39.300873040000454, -76.65353490499967)"
NFS,05/12/2013,1350,4000 9th St.,Baltimore,Balto. City,21216,"4000 9th St.
Baltimore 21216
(39.234429831000455, -76.59796839299963)"
NFS,06/24/2013,44,800 E Cold Spring La,Baltimore,Balto. City,21216,"800 E Cold Spring La
Baltimore 21216
(39.31157821900047, -76.67243752099967)"
NFS,04/10/2013,2357,3200 Vickers Rd.,Baltimore,Balto. City,21216,"3200 Vickers Rd.
Baltimore 21216
(39.31785767400049, -76.67156811599966)"
NFS,06/21/2013,1851,1600 N Smallwood St,Baltimore,Balto. City,21216,"1600 N Smallwood St
Baltimore 21216
(39.30654802800046, -76.65254624699963)"
NFS,06/17/2013,2345,1105 N Bentalou St.,Baltimore,Balto. City,21216,"1105 N Bentalou St.
Baltimore 21216
(39.300873040000454, -76.65353490499967)"
NFS,07/13/2013,2128,3400 Walbrook Ave,Baltimore,Balto. City,21216,"3400 Walbrook Ave
Baltimore 21216
(39.30993601400047, -76.67427427499968)"
NFS,04/16/2013,1614,3825 Clifton Ave.,Baltimore,Balto. City,21216,"3825 Clifton Ave.
Baltimore 21216
(39.31097509500046, -76.68245487499968)"
NFS,04/01/2013,2132,1905 N. Bentalou St.,Baltimore,Balto. City,21216,"1905 N. Bentalou St.
Baltimore 21216
(39.309810289000495, -76.65406967399963)"
NFS,09/03/2013,1507,2200 W Lanvale St,Baltimore,Balto. City,21216,"2200 W Lanvale St
Baltimore 21216
(39.29708779400045, -76.65256122699964)"
NFS,06/23/2013,2255,800 Whitmore Ave,Baltimore,Balto. City,21216,"800 Whitmore Ave
Baltimore 21216
(39.29695066300047, -76.65800524999963)"
NFS,04/14/2013,1535,1600 N. Ellamont St.,Baltimore,Balto. City,21216,"1600 N. Ellamont St.
Baltimore 21216
(39.30588892300045, -76.67079608699964)"
NFS,05/22/2013,2314,2900 North Loudon Ave,Baltimore,Balto. City,21216,"2900 North Loudon Ave
Baltimore 21216
(39.317369106000456, -76.68760211799963)"
NFS,05/22/2013,2314,2900 North Loudon Ave,Baltimore,Balto. City,21216,"2900 North Loudon Ave
Baltimore 21216
(39.317369106000456, -76.68760211799963)"
NFS,08/30/2013,2313,1600 Ruxton Ave,Baltimore,Balto. City,21216,"1600 Ruxton Ave
Baltimore 21216
(39.306468521000454, -76.65494645099966)"
NFS,05/27/2013,2227,1801 N Rosedale St,Baltimore,Balto. City,21216,"1801 N Rosedale St
Baltimore 21216
(39.30827299500049, -76.66922552699964)"
NFS,12/23/2013,2005,1700 Ashburton St,Baltimore,Balto. City,21216,"1700 Ashburton St
Baltimore 21216
(39.307447960000445, -76.66216549699965)"
NFS,03/30/2013,2300,2400 Harlem Ave.,Baltimore,Balto. City,21216,"2400 Harlem Ave.
Baltimore 21216
(39.29628811100048, -76.65503171999967)"
NFS,06/02/2013,9,1600 Hilton Pkwy,Baltimore,Balto. City,21216,"1600 Hilton Pkwy
Baltimore 21216
(39.302873649000446, -76.67364430999964)"
NFS,12/04/2013,2230,3224 Belmont Ave,Baltimore,Balto. City,21216,"3224 Belmont Ave
Baltimore 21216
(39.30249660600049, -76.67132267999966)"
NFS,06/27/2013,114,2901 W North Ave,Baltimore,Balto. City,21216,"2901 W North Ave
Baltimore 21216
(39.309083048000446, -76.66606942699963)"
NFS,07/14/2013,103,3000 Garrison Blvd.,Baltimore,Balto. City,21216,"3000 Garrison Blvd.
Baltimore 21216
(39.32149918100049, -76.67870525799964)"
NFS,05/22/2013,2314,2900 North Loudon Ave,Baltimore,Balto. City,21216,"2900 North Loudon Ave
Baltimore 21216
(39.317369106000456, -76.68760211799963)"
NFS,11/02/2013,1433,3210 Normount Ave,Baltimore,Balto. City,21216,"3210 Normount Ave
Baltimore 21216
(39.30194696700045, -76.67067048899963)"
NFS,09/14/2013,124,3200 Chelsea Terr,Baltimore,Balto. City,21216,"3200 Chelsea Terr
Baltimore 21216
(39.323984357000484, -76.68341933499966)"
NFS,08/11/2013,2140,1900 W North Ave,Baltimore,Balto. City,21217,"1900 W North Ave
Baltimore 21217
(39.3098377930005, -76.64829202299967)"
NFS,07/03/2013,24,718 W North Ave,Baltimore,Balto. City,21217,"718 W North Ave
Baltimore 21217
(39.31069602500048, -76.62982862099966)"
NFS,11/23/2013,1747,800 Spedden St,Baltimore,Balto. City,21217,"800 Spedden St
Baltimore 21217
(39.29716310600048, -76.65246575999964)"
NFS,07/09/2013,1437,600 N Carrollton Ave,Baltimore,Balto. City,21217,"600 N Carrollton Ave
Baltimore 21217
(39.29559904700045, -76.63715637099966)"
NFS,07/01/2013,2030,300 McMechen St,Baltimore,Balto. City,21217,"300 McMechen St
Baltimore 21217
(39.30623143300045, -76.62929569999966)"
NFS,04/12/2013,1436,2300 Druid Hill Ave.,Baltimore,Balto. City,21217,"2300 Druid Hill Ave.
Baltimore 21217
(39.31079879600048, -76.63873269299967)"
NFS,09/03/2013,149,2400 McCulloh St,Baltimore,Balto. City,21217,"2400 McCulloh St
Baltimore 21217
(39.312119710000445, -76.63873463399966)"
NFS,05/15/2013,1820,1300 N. Carey St.,Baltimore,Balto. City,21217,"1300 N. Carey St.
Baltimore 21217
(39.30345127300046, -76.63899964599966)"
NFS,01/13/2013,555,2100 W. North Ave.,Baltimore,Balto. City,21217,"2100 W. North Ave.
Baltimore 21217
(39.30969596400047, -76.65141508399967)"
NFS,01/13/2013,555,2100 W. North Ave.,Baltimore,Balto. City,21217,"2100 W. North Ave.
Baltimore 21217
(39.30969596400047, -76.65141508399967)"
NFS,07/09/2013,1437,600 N Carrollton Ave,Baltimore,Balto. City,21217,"600 N Carrollton Ave
Baltimore 21217
(39.29559904700045, -76.63715637099966)"
NFS,01/01/2013,1555,500 Dolphin St.,Baltimore,Balto. City,21217,"500 Dolphin St.
Baltimore 21217
(39.30090300000046, -76.62797959899967)"
NFS,02/28/2013,1134,"1608 W. Lafayette St,",Baltimore,Balto. City,21217,"1608 W. Lafayette St,
Baltimore 21217
(39.29891302100049, -76.64318634899968)"
NFS,02/03/2013,2131,2821 Woodbrook Ave.,Baltimore,Balto. City,21217,"2821 Woodbrook Ave.
Baltimore 21217
(39.31425333700048, -76.64596095699966)"
NFS,05/13/2013,1237,1800 Presstman St.,Baltimore,Balto. City,21217,"1800 Presstman St.
Baltimore 21217
(39.305297803000485, -76.64668113299967)"
NFS,08/26/2013,1811,300 McMechen St,Baltimore,Balto. City,21217,"300 McMechen St
Baltimore 21217
(39.30623143300045, -76.62929569999966)"
NFS,07/09/2013,1437,600 N Carrollton Ave,Baltimore,Balto. City,21217,"600 N Carrollton Ave
Baltimore 21217
(39.29559904700045, -76.63715637099966)"
NFS,08/20/2013,2315,1100 Laurens St,Baltimore,Balto. City,21217,"1100 Laurens St
Baltimore 21217
(39.303444897000475, -76.63694679999963)"
NFS,06/05/2013,2200,1900 W Lafayette St,Baltimore,Balto. City,21217,"1900 W Lafayette St
Baltimore 21217
(39.29875745100048, -76.64784148099966)"
NFS,07/28/2013,2032,1900 Presstman St,Baltimore,Balto. City,21217,"1900 Presstman St
Baltimore 21217
(39.305252925000445, -76.64799675699965)"
NFS,07/22/2013,2314,300 Mosher St,Baltimore,Balto. City,21217,"300 Mosher St
Baltimore 21217
(39.304993065000474, -76.62859696999965)"
NFS,08/27/2013,1715,2700 Pennsylvania Ave,Baltimore,Balto. City,21217,"2700 Pennsylvania Ave
Baltimore 21217
(39.31257676700045, -76.64553922199963)"
NFS,12/01/2013,1707,1100 Monroe St,Baltimore,Balto. City,21217,"1100 Monroe St
Baltimore 21217
(39.301009009000495, -76.64768592299964)"
NFS,03/08/2013,2245,900 N. Calhoun St.,Baltimore,Balto. City,21217,"900 N. Calhoun St.
Baltimore 21217
(39.29908037000047, -76.64015566399968)"
NFS,07/16/2013,2002,2422 Madison Ave,Baltimore,Balto. City,21217,"2422 Madison Ave
Baltimore 21217
(39.31315982200044, -76.63844346999963)"
NFS,07/28/2013,2055,1500 E Madison St,Baltimore,Balto. City,21217,"1500 E Madison St
Baltimore 21217
(39.299354939000466, -76.59754146699964)"
NFS,12/01/2013,1707,1100 Monroe St,Baltimore,Balto. City,21217,"1100 Monroe St
Baltimore 21217
(39.301009009000495, -76.64768592299964)"
NFS,07/06/2013,2305,1900 Herbert St,Baltimore,Balto. City,21217,"1900 Herbert St
Baltimore 21217
(39.31037585000047, -76.64828339199966)"
NFS,06/06/2013,112,2200 Druid Hill Ave,Baltimore,Balto. City,21217,"2200 Druid Hill Ave
Baltimore 21217
(39.309127987000466, -76.63746172599963)"
NFS,07/28/2013,2055,1500 E Madison St,Baltimore,Balto. City,21217,"1500 E Madison St
Baltimore 21217
(39.299354939000466, -76.59754146699964)"
NFS,07/16/2013,1221,2225 N Monroe St,Baltimore,Balto. City,21217,"2225 N Monroe St
Baltimore 21217
(39.31379933800048, -76.64842453599965)"
NFS,04/05/2013,1538,1600 Mosher St.,Baltimore,Balto. City,21217,"1600 Mosher St.
Baltimore 21217
(39.29998558300048, -76.64310697399964)"
NFS,06/05/2013,2024,1800 Walbrook Ave,Baltimore,Balto. City,21217,"1800 Walbrook Ave
Baltimore 21217
(39.31094744100045, -76.64700146699965)"
NFS,08/12/2013,1401,1300 Pennsylvania Ave,Baltimore,Balto. City,21217,"1300 Pennsylvania Ave
Baltimore 21217
(39.30069674100048, -76.63116911499964)"
NFS,01/29/2013,2007,1500 N. Payson St.,Baltimore,Balto. City,21217,"1500 N. Payson St.
Baltimore 21217
(39.30524916100046, -76.64965903999968)"
NFS,07/09/2013,1437,600 N Carrollton Ave,Baltimore,Balto. City,21217,"600 N Carrollton Ave
Baltimore 21217
(39.29559904700045, -76.63715637099966)"
NFS,10/05/2013,246,300 E 24th St,Baltimore,Balto. City,21218,"300 E 24th St
Baltimore 21218
(39.31652667700047, -76.61263480399964)"
NFS,06/14/2013,401,2100 N Charles St,Baltimore,Balto. City,21218,"2100 N Charles St
Baltimore 21218
(39.313322153000456, -76.61672937699967)"
NFS,02/20/2013,1026,600 Pen Lucy Ave.,Baltimore,Balto. City,21218,"600 Pen Lucy Ave.
Baltimore 21218
(39.33597638100048, -76.60740998799963)"
NFS,10/31/2013,1758,2000 Homewood Ave,Baltimore,Balto. City,21218,"2000 Homewood Ave
Baltimore 21218
(39.31301809100046, -76.60724544099963)"
NFS,12/23/2013,1706,2919 Matthews St,Baltimore,Balto. City,21218,"2919 Matthews St
Baltimore 21218
(39.32364126700048, -76.60730101899964)"
NFS,12/26/2013,1445,3200 blk The Alameda,Baltimore,Balto. City,21218,"3200 blk The Alameda
Baltimore 21218
(39.32599929200046, -76.60991723699965)"
NFS,04/19/2013,1119,2400 Greenmount Ave.,Baltimore,Balto. City,21218,"2400 Greenmount Ave.
Baltimore 21218
(39.31611446700049, -76.60951471199968)"
NFS,08/19/2013,2221,622 E 37th St,Baltimore,Balto. City,21218,"622 E 37th St
Baltimore 21218
(39.333647392000444, -76.60687786299968)"
NFS,10/17/2013,2311,1600 Northgate Rd,Baltimore,Balto. City,21218,"1600 Northgate Rd
Baltimore 21218
(39.345078028000444, -76.58920992599963)"
NFS,06/09/2013,956,1770 Montpellier St,Baltimore,Balto. City,21218,"1770 Montpellier St
Baltimore 21218
(39.31897538700048, -76.59384555499963)"
NFS,09/08/2013,320,4400 Marble Hall Rd,Baltimore,Balto. City,21218,"4400 Marble Hall Rd
Baltimore 21218
(39.343742533000466, -76.59550714599965)"
NFS,11/15/2013,1653,600 Wyanoke Ave,Baltimore,Balto. City,21218,"600 Wyanoke Ave
Baltimore 21218
(39.33734852200047, -76.60735144999967)"
NFS,05/21/2013,29,2815 Kennedy Ave,Baltimore,Balto. City,21218,"2815 Kennedy Ave
Baltimore 21218
(39.32315356100048, -76.59358052999966)"
NFS,01/30/2013,1318,2100 Guilford Ave,Baltimore,Balto. City,21218,"2100 Guilford Ave
Baltimore 21218
(39.31386847500045, -76.61262544399966)"
NFS,09/08/2013,320,4400 Marble Hall Rd,Baltimore,Balto. City,21218,"4400 Marble Hall Rd
Baltimore 21218
(39.343742533000466, -76.59550714599965)"
NFS - self inflicted,03/05/2013,2130,400 Ilchester Ave,Baltimore,Balto. City,21218,"400 Ilchester Ave
Baltimore 21218
(39.32282746600049, -76.61098113799966)"
NFS,04/14/2013,935,2700 Tivoly Ave.,Baltimore,Balto. City,21218,"2700 Tivoly Ave.
Baltimore 21218
(39.32220638600046, -76.59045899899968)"
NFS,06/01/2013,110,600 Cator Ave,Baltimore,Balto. City,21218,"600 Cator Ave
Baltimore 21218
(39.33901817800046, -76.60748165899963)"
NFS,05/22/2013,300,2600 Polk Street,Baltimore,Balto. City,21218,"2600 Polk Street
Baltimore 21218
(39.31995936700048, -76.59528306599964)"
NFS,01/18/2013,2100,2700 Hugo Ave.,Baltimore,Balto. City,21218,"2700 Hugo Ave.
Baltimore 21218
(39.32317660700045, -76.58907856499962)"
NFS,07/22/2013,2306,700 E 20th St,Baltimore,Balto. City,21218,"700 E 20th St
Baltimore 21218
(39.312607879000495, -76.60820183499965)"
NFS,08/27/2013,5,3713 Grrenmount Ave,Baltimore,Balto. City,21218,"3713 Grrenmount Ave
Baltimore 21218
(39.33428114700047, -76.60946473599967)"
NFS,02/08/2013,1543,1700 Homestead St.,Baltimore,Balto. City,21218,"1700 Homestead St.
Baltimore 21218
(39.32034545100049, -76.59463486799967)"
NFS,11/15/2013,1653,600 Wyanoke Ave,Baltimore,Balto. City,21218,"600 Wyanoke Ave
Baltimore 21218
(39.33734852200047, -76.60735144999967)"
NFS,05/26/2013,1702,2900 Kirk Ave,Baltimore,Balto. City,21218,"2900 Kirk Ave
Baltimore 21218
(39.32492783100048, -76.59526461199965)"
NFS,07/13/2013,1944,2005 Robb St,Baltimore,Balto. City,21218,"2005 Robb St
Baltimore 21218
(39.313408714000445, -76.60312948999967)"
NFS,01/09/2013,2306,1926 Cecil Ave,Baltimore,Balto. City,21218,"1926 Cecil Ave
Baltimore 21218
(39.31200869200046, -76.60520590199962)"
NFS,05/27/2013,322,1700 E 33rd St,Baltimore,Balto. City,21218,"1700 E 33rd St
Baltimore 21218
(39.32852780400049, -76.59187054399968)"
NFS,11/06/2013,1342,2300 Maryland Ave,Baltimore,Balto. City,21218,"2300 Maryland Ave
Baltimore 21218
(39.31575821700045, -76.61824627499965)"
NFS,06/15/2013,2359,4000 Brunswick St,Baltimore,Balto. City,21218,"4000 Brunswick St
Baltimore 21218
(39.27857033300046, -76.65895662299965)"
NFS,05/21/2013,1830,7500 block of Sparrows Point Rd,Edgemere,Baltimore,21219,"7500 block of Sparrows Point Rd
Edgemere 21219
(39.232329664000474, -76.44169600399965)"
NFS,02/18/2013,2349,Eastern Blvd.,Middle River,Baltimore,21220,"Eastern Blvd.
Middle River 21220
(39.328443208000465, -76.44144322699964)"
NFS,07/21/2013,204,Ballard Ave and Midigo Way,Baltimore,Baltimore,21220,"Ballard Ave and Midigo Way
Baltimore 21220
(39.337182414000495, -76.44458768099963)"
NFS,02/18/2013,2349,Eastern Blvd.,Middle River,Baltimore,21220,"Eastern Blvd.
Middle River 21220
(39.328443208000465, -76.44144322699964)"
NFS,10/02/2013,1640,2102 Southorn Rd,Middle River,Baltimore,21220,"2102 Southorn Rd
Middle River 21220
(39.320646196000496, -76.43417386399966)"
NFS,10/02/2013,1640,2102 Southorn Rd,Middle River,Baltimore,21220,"2102 Southorn Rd
Middle River 21220
(39.320646196000496, -76.43417386399966)"
NFS,11/26/2013,1325,214 Back River Neck Rd,Essex,Baltimore,21221,"214 Back River Neck Rd
Essex 21221
(39.30695017500045, -76.44342322999967)"
NFS,07/28/2013,25,1400 Strawflower Rd,Baltimore,Baltimore,21221,"1400 Strawflower Rd
Baltimore 21221
(39.30037309700049, -76.44516505899963)"
NFS,04/19/2013,3,104 Back River Neck Rd.,Essex,Baltimore,21221,"104 Back River Neck Rd.
Essex 21221
(39.312349767000455, -76.44829392599968)"
NFS,04/03/2013,43,Back River Neck Rd & Alconbury Rd.,Middle River,Baltimore,21221,"Back River Neck Rd &amp; Alconbury Rd.
Middle River 21221
(39.303748520000454, -76.45228912699963)"
NFS,04/19/2013,3,104 Back River Neck Rd.,Essex,Baltimore,21221,"104 Back River Neck Rd.
Essex 21221
(39.312349767000455, -76.44829392599968)"
NFS,04/19/2013,3,104 Back River Neck Rd.,Essex,Baltimore,21221,"104 Back River Neck Rd.
Essex 21221
(39.312349767000455, -76.44829392599968)"
NFS - self inflicted,03/08/2013,2015,Hopkins Creek Ln. & Lanmark Ct.,Essex,Baltimore,21221,"Hopkins Creek Ln. &amp; Lanmark Ct.
Essex 21221
(39.303748520000454, -76.45228912699963)"
NFS,08/24/2013,348,8240 Kavanagh Rd,Dundalk,Baltimore,21222,"8240 Kavanagh Rd
Dundalk 21222
(39.26147767800046, -76.48762245599966)"
NFS,11/15/2013,1908,1619 Four George's Ct,Dundalk,Baltimore,21222,"1619 Four George's Ct
Dundalk 21222
(39.27424430600047, -76.50800332499966)"
NFS,06/11/2013,2245,621 N Avondale Rd,Dundalk,Baltimore,21222,"621 N Avondale Rd
Dundalk 21222
(39.23987592900045, -76.50510243599967)"
NFS,11/02/2013,2050,735 N Avondale Rd,Dundalk,Baltimore,21222,"735 N Avondale Rd
Dundalk 21222
(39.23993491300047, -76.50425303199967)"
NFS,05/15/2013,2238,502 S. Gilmor St.,Baltimore,Balto. City,21223,"502 S. Gilmor St.
Baltimore 21223
(39.28205743100045, -76.64204550299968)"
NFS,05/27/2013,1238,1600 W Fayette St,Baltimore,Balto. City,21223,"1600 W Fayette St
Baltimore 21223
(39.28962792300047, -76.64262164399963)"
NFS,06/12/2013,240,1928 Lemmon St,Baltimore,Balto. City,21223,"1928 Lemmon St
Baltimore 21223
(39.28562835200046, -76.64786222199967)"
NFS,12/30/2013,2350,1900 Edmondson Ave,Baltimore,Balto. City,21223,"1900 Edmondson Ave
Baltimore 21223
(39.29516809400047, -76.64745200999965)"
NFS,07/02/2013,34,1600 W Baltimore St,Baltimore,Balto. City,21223,"1600 W Baltimore St
Baltimore 21223
(39.288398438000456, -76.64246147799963)"
NFS,07/06/2013,2247,"1900 Frederick Ave,",Baltimore,Balto. City,21223,"1900 Frederick Ave,
Baltimore 21223
(39.28678754800046, -76.64696920299963)"
NFS,06/24/2013,2022,001 S Catherine St,Baltimore,Balto. City,21223,"001 S Catherine St
Baltimore 21223
(39.28767312800045, -76.65613569099963)"
NFS,07/22/2013,1514,2100 W Fairmount Ave,Baltimore,Balto. City,21223,"2100 W Fairmount Ave
Baltimore 21223
(39.28872304000049, -76.65021492599965)"
NFS,05/21/2013,2001,1900 Edmondson Ave,Baltimore,Balto. City,21223,"1900 Edmondson Ave
Baltimore 21223
(39.29516809400047, -76.64745200999965)"
NFS,06/24/2013,2022,001 S Catherine St,Baltimore,Balto. City,21223,"001 S Catherine St
Baltimore 21223
(39.28767312800045, -76.65613569099963)"
NFS,12/03/2013,1201,200 S Pulaski St,Baltimore,Balto. City,21223,"200 S Pulaski St
Baltimore 21223
(39.284920412000474, -76.64990672299967)"
NFS - self inflicted,09/15/2013,549,1400 Lemmon St,Baltimore,Balto. City,21223,"1400 Lemmon St
Baltimore 21223
(39.28597235800049, -76.63949392299963)"
NFS,04/12/2013,1944,2752 Kinsey Ave.,Baltimore,Balto. City,21223,"2752 Kinsey Ave.
Baltimore 21223
(39.28788797600049, -76.66056612899968)"
NFS,01/12/2013,200,200 N. Franklintown Rd.,Baltimore,Balto. City,21223,"200 N. Franklintown Rd.
Baltimore 21223
(39.28999319600047, -76.66038752499963)"
NFS,08/24/2013,2117,1500 West Fayette St,Baltimore,Balto. City,21223,"1500 West Fayette St
Baltimore 21223
(39.28966825200047, -76.64170212299967)"
NFS,04/13/2013,56,100 N. Smallwood St.,Baltimore,Balto. City,21223,"100 N. Smallwood St.
Baltimore 21223
(39.289659034000465, -76.65159561499968)"
NFS,09/10/2013,2113,400 S Pulaski St,Baltimore,Balto. City,21223,"400 S Pulaski St
Baltimore 21223
(39.28286863700049, -76.64979575099966)"
NFS,05/23/2013,2222,1723 Hollins St,Baltimore,Balto. City,21223,"1723 Hollins St
Baltimore 21223
(39.28726344000046, -76.64459895999966)"
NFS,05/18/2013,44,1200 Glyndon Ave.,Baltimore,Balto. City,21223,"1200 Glyndon Ave.
Baltimore 21223
(39.282763780000494, -76.63558926899964)"
NFS,10/16/2013,1952,500 Poplar Grove St,Baltimore,Balto. City,21223,"500 Poplar Grove St
Baltimore 21223
(39.29321843300045, -76.66488603399966)"
NFS,05/21/2013,2043,488 Brunswick St,Baltimore,Balto. City,21223,"488 Brunswick St
Baltimore 21223
(39.27932537000049, -76.65941960799967)"
NFS,01/15/2013,1036,205 N. Fulton Ave.,Baltimore,Balto. City,21223,"205 N. Fulton Ave.
Baltimore 21223
(39.29109247200046, -76.64531567899968)"
NFS,04/27/2013,159,40 S. Calverton Rd.,Baltimore,Balto. City,21223,"40 S. Calverton Rd.
Baltimore 21223
(39.287421192000465, -76.65316796999963)"
NFS,08/24/2013,2117,1500 West Fayette St,Baltimore,Balto. City,21223,"1500 West Fayette St
Baltimore 21223
(39.28966825200047, -76.64170212299967)"
NFS,06/09/2013,1105,1900 Wilkens Ave,Baltimore,Balto. City,21223,"1900 Wilkens Ave
Baltimore 21223
(39.28203668900045, -76.64670878799967)"
NFS,08/24/2013,2117,1500 West Fayette St,Baltimore,Balto. City,21223,"1500 West Fayette St
Baltimore 21223
(39.28966825200047, -76.64170212299967)"
NFS,08/24/2013,2117,1500 West Fayette St,Baltimore,Balto. City,21223,"1500 West Fayette St
Baltimore 21223
(39.28966825200047, -76.64170212299967)"
NFS,10/25/2013,939,100 N Fulton Ave,Baltimore,Balto. City,21223,"100 N Fulton Ave
Baltimore 21223
(39.28606045800046, -76.64512555299967)"
NFS,10/16/2013,1952,500 Poplar Grove St,Baltimore,Balto. City,21223,"500 Poplar Grove St
Baltimore 21223
(39.29321843300045, -76.66488603399966)"
NFS,05/12/2013,2015,1200 West Lombard St.,Baltimore,Balto. City,21223,"1200 West Lombard St.
Baltimore 21223
(39.286628532000464, -76.63676229099963)"
NFS,09/15/2013,100,2100 Boyd St,Baltimore,Balto. City,21223,"2100 Boyd St
Baltimore 21223
(39.2865282840005, -76.65031197399964)"
NFS,08/24/2013,2117,1500 West Fayette St,Baltimore,Balto. City,21223,"1500 West Fayette St
Baltimore 21223
(39.28966825200047, -76.64170212299967)"
NFS,05/18/2013,44,1200 Glyndon Ave.,Baltimore,Balto. City,21223,"1200 Glyndon Ave.
Baltimore 21223
(39.282763780000494, -76.63558926899964)"
NFS - self inflicted,08/31/2013,405,1000 W Baltimore St,Baltimore,Balto. City,21223,"1000 W Baltimore St
Baltimore 21223
(39.28877753800049, -76.63393228699965)"
NFS,04/11/2013,212,1 N. Stricker St.,Baltimore,Balto. City,21223,"1 N. Stricker St.
Baltimore 21223
(39.288534307000475, -76.64093635499967)"
NFS,09/16/2013,2120,S Stricker St,Baltimore,Balto. City,21223,"S Stricker St
Baltimore 21223
(39.285343311000474, -76.64078319399965)"
NFS,08/16/2013,2322,1 N Bentalou St,Baltimore,Balto. City,21223,"1 N Bentalou St
Baltimore 21223
(39.28824172700047, -76.65285505899965)"
NFS,09/15/2013,1757,153 Willard St,Baltimore,Balto. City,21223,"153 Willard St
Baltimore 21223
(39.284753770000464, -76.65471945099966)"
NFS,03/07/2013,1205,2801 Edmondson Ave.,Baltimore,Balto. City,21223,"2801 Edmondson Ave.
Baltimore 21223
(39.29441334800049, -76.66382939099964)"
NFS,05/15/2013,109,2000 W. Baltimore St.,Baltimore,Balto. City,21223,"2000 W. Baltimore St.
Baltimore 21223
(39.28809769200046, -76.64910207799966)"
NFS,08/24/2013,2117,1500 West Fayette St,Baltimore,Balto. City,21223,"1500 West Fayette St
Baltimore 21223
(39.28966825200047, -76.64170212299967)"
NFS,11/16/2013,2158,300 Calhoun St,Baltimore,Balto. City,21223,"300 Calhoun St
Baltimore 21223
(39.292309282000474, -76.63978587899965)"
NFS,06/01/2013,1828,500 N Arlington Ave,Baltimore,Balto. City,21223,"500 N Arlington Ave
Baltimore 21223
(39.294373615000495, -76.63563616699963)"
NFS,04/30/2013,1405,2100 Christian St.,Baltimore,Balto. City,21223,"2100 Christian St.
Baltimore 21223
(39.28180202600049, -76.64958878399966)"
NFS,12/22/2013,415,400 N Bradford Ave,Baltimore,Balto. City,21224,"400 N Bradford Ave
Baltimore 21224
(39.29587789900046, -76.58427585499965)"
NFS,12/17/2013,147,110 N Bradford St,Baltimore,Balto. City,21224,"110 N Bradford St
Baltimore 21224
(39.293568726000444, -76.58415601699966)"
NFS,08/02/2013,134,6500 Holabird Ave,Baltimore,Balto. City,21224,"6500 Holabird Ave
Baltimore 21224
(39.272438182000485, -76.53555161899965)"
NFS,06/18/2013,1613,7900 Eastdale Rd,Dundalk,Baltimore,21224,"7900 Eastdale Rd
Dundalk 21224
(39.29792665600047, -76.51576002599967)"
NFS,12/10/2013,1509,6100 Boston St,Baltimore,Balto. City,21224,"6100 Boston St
Baltimore 21224
(39.27798233800047, -76.54285449599968)"
NFS,10/06/2013,1739,3000 E Fayette St,Baltimore,Balto. City,21224,"3000 E Fayette St
Baltimore 21224
(39.29470833300047, -76.57479142299968)"
NFS,06/19/2013,2241,6200 O'Donnell St,Baltimore,Balto. City,21224,"6200 O'Donnell St
Baltimore 21224
(39.28153499300049, -76.54175228699967)"
NFS,07/22/2013,2314,100 S Janey St,Baltimore,Balto. City,21224,"100 S Janey St
Baltimore 21224
(39.29134943100047, -76.56086609699963)"
NFS,05/10/2013,128,1 S. Bouldin St.,Baltimore,Balto. City,21224,"1 S. Bouldin St.
Baltimore 21224
(39.29174190600048, -76.57102938199967)"
NFS,04/18/2013,2055,400 N. Robinson St.,Baltimore,Balto. City,21224,"400 N. Robinson St.
Baltimore 21224
(39.29609798400048, -76.57294546799966)"
NFS,04/23/2013,1721,1704 Joplin St.,Baltimore,Balto. City,21224,"1704 Joplin St.
Baltimore 21224
(39.272998191000454, -76.53692629099965)"
NFS,01/27/2013,229,3400 Leverton Ave.,Baltimore,Balto. City,21224,"3400 Leverton Ave.
Baltimore 21224
(39.291827628000476, -76.56886178099967)"
NFS,12/17/2013,2149,Unit blk S Conkling St,Baltimore,Balto. City,21224,"Unit blk S Conkling St
Baltimore 21224
(39.28492595600045, -76.55678650999965)"
NFS,06/26/2013,825,1818 N Milton Ave,Baltimore,Balto. City,21224,"1818 N Milton Ave
Baltimore 21224
(39.311452778000444, -76.58305916199964)"
NFS,07/22/2013,2314,100 S Janey St,Baltimore,Balto. City,21224,"100 S Janey St
Baltimore 21224
(39.29134943100047, -76.56086609699963)"
NFS,03/31/2013,237,6500 O'Donnell St.,Baltimore,Balto. City,21224,"6500 O'Donnell St.
Baltimore 21224
(39.28172787800048, -76.53679147299965)"
NFS,12/02/2013,144,5625 O'Donnell St,Baltimore,Balto. City,21224,"5625 O'Donnell St
Baltimore 21224
(39.281253138000466, -76.54743970999965)"
NFS,08/17/2013,1713,30 N East Ave,Baltimore,Balto. City,21224,"30 N East Ave
Baltimore 21224
(39.2932771990005, -76.57245574799964)"
NFS,12/19/2013,2356,3702 Pratt St,Baltimore,Balto. City,21224,"3702 Pratt St
Baltimore 21224
(39.29030776900049, -76.56661137499964)"
NFS,12/05/2013,2137,3500 Leverton Ave,Baltimore,Balto. City,21224,"3500 Leverton Ave
Baltimore 21224
(39.291848092000464, -76.56841794299964)"
NFS,09/16/2013,1754,900 Veronica St,Baltimore,Balto. City,21225,"900 Veronica St
Baltimore 21225
(39.250062916000445, -76.62518593599964)"
NFS,08/06/2013,1258,9 Talbott St,Baltimore,Balto. City,21225,"9 Talbott St
Baltimore 21225
(39.23651198300047, -76.61244566699963)"
NFS,07/07/2013,309,1000 Bethune Rd,Baltimore,Balto. City,21225,"1000 Bethune Rd
Baltimore 21225
(39.24409016700048, -76.62501286599968)"
NFS,05/21/2013,1411,4142 Audrey Ave,Baltimore,Balto. City,21225,"4142 Audrey Ave
Baltimore 21225
(39.229777253000464, -76.60472194299967)"
NFS,11/02/2013,2213,1102 Shellbanks Rd,Baltimore,Balto. City,21225,"1102 Shellbanks Rd
Baltimore 21225
(39.2497883530005, -76.63041743399964)"
NFS,05/21/2013,1411,4142 Audrey Ave,Baltimore,Balto. City,21225,"4142 Audrey Ave
Baltimore 21225
(39.229777253000464, -76.60472194299967)"
NFS,01/13/2013,2110,700 Cherry Hill Rd.,Baltimore,Balto. City,21225,"700 Cherry Hill Rd.
Baltimore 21225
(39.24958612900048, -76.62393163399963)"
NFS,01/13/2013,2110,700 Cherry Hill Rd.,Baltimore,Balto. City,21225,"700 Cherry Hill Rd.
Baltimore 21225
(39.24958612900048, -76.62393163399963)"
NFS,10/29/2013,2332,2500 Terra Firma Rd,Baltimore,Balto. City,21225,"2500 Terra Firma Rd
Baltimore 21225
(39.25119356200048, -76.62472785999967)"
NFS,01/04/2013,1714,300 Bridgeview Rd.,Baltimore,Balto. City,21225,"300 Bridgeview Rd.
Baltimore 21225
(39.25093660300047, -76.61879130399967)"
NFS,05/24/2013,1905,1200 Cherry Hill Rd,Baltimore,Balto. City,21225,"1200 Cherry Hill Rd
Baltimore 21225
(39.2509618200005, -76.63143357499968)"
NFS,09/17/2013,2351,1046 Bethune Rd,Baltimore,Balto. City,21225,"1046 Bethune Rd
Baltimore 21225
(39.243445704000465, -76.62653840699966)"
NFS,10/05/2013,154,1602 Elmtree St,Baltimore,Balto. City,21226,"1602 Elmtree St
Baltimore 21226
(39.22456778700047, -76.58790208599964)"
NFS - self inflicted,11/12/2013,205,1413 Olmstead St,Baltimore,Balto. City,21226,"1413 Olmstead St
Baltimore 21226
(39.227412770000456, -76.59086921099964)"
NFS,11/12/2013,205,1413 Olmstead St,Baltimore,Balto. City,21226,"1413 Olmstead St
Baltimore 21226
(39.227412770000456, -76.59086921099964)"
NFS,06/17/2013,118,1517 Locust St,Baltimore,Balto. City,21226,"1517 Locust St
Baltimore 21226
(39.22674329400047, -76.58936893999964)"
NFS,05/27/2013,1630,908 Leeds Ave,Arbutus,Baltimore,21227,"908 Leeds Ave
Arbutus 21227
(39.254870999000445, -76.69242066099963)"
NFS,06/14/2013,1000,1935 Lansdowne Rd,Arbutus,Baltimore,21227,"1935 Lansdowne Rd
Arbutus 21227
(39.25264529500049, -76.66636647199965)"
NFS,09/29/2013,1848,337 5th Ave,Baltimore,Baltimore,21227,"337 5th Ave
Baltimore 21227
(39.24190357100048, -76.65756147099967)"
NFS,04/27/2013,2200,2962 Bero Rd.,Lansdowne,Baltimore,21227,"2962 Bero Rd.
Lansdowne 21227
(39.24105757600046, -76.65368534499964)"
NFS,12/05/2013,2308,2942 Lakebrook Cir,Baltimore,Baltimore,21227,"2942 Lakebrook Cir
Baltimore 21227
(39.239538791000484, -76.65588451599967)"
NFS,05/25/2013,200,1401 Sulphur Spring Rd,Halethorpe,Baltimore,21227,"1401 Sulphur Spring Rd
Halethorpe 21227
(39.24726617800047, -76.69338228399965)"
NFS,08/21/2013,202,Baltimore Highlands Area,Baltimore,Baltimore,21227,"Baltimore Highlands Area
Baltimore 21227
(39.24421759900048, -76.67522701499968)"
NFS,04/25/2013,928,4th St. & Orchard Ave.,Brooklyn,Anne Arundel,21227,"4th St. &amp; Orchard Ave.
Brooklyn 21227
(39.24421759900048, -76.67522701499968)"
NFS,07/18/2013,230,138 Twin Circle Way,Halethorpe,Baltimore,21227,"138 Twin Circle Way
Halethorpe 21227
(39.23634258900046, -76.64766850999968)"
NFS,09/09/2013,1335,410 Dorchester Rd,Baltimore,Balto. City,21228,"410 Dorchester Rd
Baltimore 21228
(39.28019837900047, -76.73468569199963)"
NFS,08/22/2013,2350,5930 Robindale Rd,Catonsville,Baltimore,21228,"5930 Robindale Rd
Catonsville 21228
(39.29490076400049, -76.73511645799965)"
NFS,06/19/2013,2140,1901 Edmondson Ave,Baltimore,Balto. City,21228,"1901 Edmondson Ave
Baltimore 21228
(39.27366803400048, -76.75651671499963)"
NFS,03/30/2013,315,7008 Upper Mills Circle,Catonsville,Baltimore,21228,"7008 Upper Mills Circle
Catonsville 21228
(39.302067957000475, -76.76761195699964)"
NFS,08/19/2013,2221,180 Winters La,Baltimore,Baltimore,21228,"180 Winters La
Baltimore 21228
(39.280641276000495, -76.74331839999968)"
NFS,05/29/2013,2357,3500 Old Frederick Rd,Baltimore,Balto. City,21229,"3500 Old Frederick Rd
Baltimore 21229
(39.282665835000444, -76.67514825499967)"
NFS,12/12/2013,2011,100 S Culver St,Baltimore,Balto. City,21229,"100 S Culver St
Baltimore 21229
(39.285002663000455, -76.67850139599966)"
NFS,07/01/2013,1618,202 S Tremont Rd,Baltimore,Balto. City,21229,"202 S Tremont Rd
Baltimore 21229
(39.28205051700047, -76.69487647299968)"
NFS,09/26/2013,2112,900 S Caton Ave,Baltimore,Balto. City,21229,"900 S Caton Ave
Baltimore 21229
(39.273535154000456, -76.67133074599963)"
NFS,12/29/2013,209,3206 W Baltimore St,Baltimore,Balto. City,21229,"3206 W Baltimore St
Baltimore 21229
(39.28586802700045, -76.67152202399967)"
NFS,04/20/2013,2238,1 Benkert Ave.,Baltimore,Balto. City,21229,"1 Benkert Ave.
Baltimore 21229
(39.28484657200045, -76.67471601899967)"
NFS,12/20/2013,1813,819 Mt. Holly St,Baltimore,Balto. City,21229,"819 Mt. Holly St
Baltimore 21229
(39.297042855000484, -76.67991524499968)"
NFS,09/08/2013,2042,3500 W Franklin St,Baltimore,Balto. City,21229,"3500 W Franklin St
Baltimore 21229
(39.29273793100049, -76.67593180699964)"
NFS,11/09/2013,1630,200 S Collins St,Baltimore,Balto. City,21229,"200 S Collins St
Baltimore 21229
(39.28302880400048, -76.68337554799967)"
NFS,09/06/2013,2224,5000 Edmondson Ave,Baltimore,Balto. City,21229,"5000 Edmondson Ave
Baltimore 21229
(39.29196145900045, -76.70366371199964)"
NFS,06/12/2013,2,4100 Walrad St,Baltimore,Balto. City,21229,"4100 Walrad St
Baltimore 21229
(39.28000752100047, -76.68359102399967)"
NFS,11/11/2013,1641,440 Parkton Ave,Baltimore,Balto. City,21229,"440 Parkton Ave
Baltimore 21229
(39.280132678000484, -76.69663131199968)"
NFS,03/25/2013,1826,700 Linnard St.,Baltimore,Balto. City,21229,"700 Linnard St.
Baltimore 21229
(39.29531097600045, -76.67648259799967)"
NFS,09/04/2013,35,607 Mt Holly St,Baltimore,Balto. City,21229,"607 Mt Holly St
Baltimore 21229
(39.29449285600049, -76.67977466699966)"
NFS,12/06/2013,556,4200 Old Frederick Rd,Baltimore,Balto. City,21229,"4200 Old Frederick Rd
Baltimore 21229
(39.28623999600046, -76.68490692599966)"
NFS,08/17/2013,102,Edmondson Ave & North Bend Rd,Catonsville,Baltimore,21229,"Edmondson Ave &amp; North Bend Rd
Catonsville 21229
(39.284156890000475, -76.69356728299965)"
NFS,06/01/2013,226,3400 W Franklin St,Baltimore,Balto. City,21229,"3400 W Franklin St
Baltimore 21229
(39.29277826000049, -76.67452141499967)"
NFS,12/03/2013,1201,900 S Caton Ave,Baltimore,Balto. City,21229,"900 S Caton Ave
Baltimore 21229
(39.273535154000456, -76.67133074599963)"
NFS,08/17/2013,102,Edmondson Ave & North Bend Rd,Catonsville,Baltimore,21229,"Edmondson Ave &amp; North Bend Rd
Catonsville 21229
(39.284156890000475, -76.69356728299965)"
NFS,01/15/2013,1047,3980 W. Mulberry St.,Baltimore,Balto. City,21229,"3980 W. Mulberry St.
Baltimore 21229
(39.291648642000496, -76.68219202799963)"
NFS,10/08/2013,2135,3100 Elbert St,Baltimore,Balto. City,21229,"3100 Elbert St
Baltimore 21229
(39.28720512900048, -76.66990332499967)"
NFS,11/09/2013,116,400 N Athol Ave,Baltimore,Balto. City,21229,"400 N Athol Ave
Baltimore 21229
(39.290484414000446, -76.68912205899966)"
NFS,07/03/2013,246,100 Dennison St,Baltimore,Balto. City,21229,"100 Dennison St
Baltimore 21229
(39.288603544000466, -76.67691009499964)"
NFS,05/03/2013,1,900 S. Caton Ave.,Baltimore,Balto. City,21229,"900 S. Caton Ave.
Baltimore 21229
(39.273535154000456, -76.67133074599963)"
NFS,10/17/2013,228,203 N Monastery Ave,Baltimore,Balto. City,21229,"203 N Monastery Ave
Baltimore 21229
(39.28935713600049, -76.67459170399968)"
NFS,08/03/2013,202,201 N Rock Glen Rd,Baltimore,Balto. City,21229,"201 N Rock Glen Rd
Baltimore 21229
(39.2858380670005, -76.70429752899963)"
NFS,07/01/2013,130,776 Linnard St,Baltimore,Balto. City,21229,"776 Linnard St
Baltimore 21229
(39.29686310000045, -76.67478067699966)"
NFS,09/30/2013,1300,313 Collins Ave,Baltimore,Balto. City,21229,"313 Collins Ave
Baltimore 21229
(39.28083255500047, -76.68347464399966)"
NFS,08/20/2013,547,1219 S Carey St,Baltimore,Balto. City,21230,"1219 S Carey St
Baltimore 21230
(39.280063983000446, -76.63458332599964)"
NFS,04/19/2013,2309,2608 W. Patapsco Ave.,Baltimore,Balto. City,21230,"2608 W. Patapsco Ave.
Baltimore 21230
(39.25340207000045, -76.65325294799965)"
NFS,05/17/2013,50,2400 Maisel Ct.,Baltimore,Balto. City,21230,"2400 Maisel Ct.
Baltimore 21230
(39.26313691200045, -76.64202878899965)"
NFS,07/28/2013,58,1900 Russell St,Baltimore,Balto. City,21230,"1900 Russell St
Baltimore 21230
(39.27220595400047, -76.63035934099963)"
NFS,01/20/2013,2158,2839 Annapolis Rd.,Baltimore,Balto. City,21230,"2839 Annapolis Rd.
Baltimore 21230
(39.2556227070005, -76.63826708299968)"
NFS,09/27/2013,1658,3100 Savoy St,Baltimore,Balto. City,21230,"3100 Savoy St
Baltimore 21230
(39.25340480900047, -76.64824377699966)"
NFS,05/25/2013,1501,1100 W Cross St,Baltimore,Balto. City,21230,"1100 W Cross St
Baltimore 21230
(39.28136375700046, -76.63048235599967)"
NFS,12/18/2013,112,1100 Carroll St,Baltimore,Balto. City,21230,"1100 Carroll St
Baltimore 21230
(39.282020101000455, -76.63152986399967)"
NFS,04/10/2013,2302,2600 Norland Rd.,Baltimore,Balto. City,21230,"2600 Norland Rd.
Baltimore 21230
(39.25212449600048, -76.64565143199968)"
NFS,08/02/2013,348,1200 W Ostend St,Baltimore,Balto. City,21230,"1200 W Ostend St
Baltimore 21230
(39.28098386200048, -76.63296475299967)"
NFS,08/20/2013,547,1219 S Carey St,Baltimore,Balto. City,21230,"1219 S Carey St
Baltimore 21230
(39.280063983000446, -76.63458332599964)"
NFS,08/23/2013,443,200 block of Scott St,Baltimore,Balto. City,21230,"200 block of Scott St
Baltimore 21230
(39.2749498230005, -76.62339978799963)"
NFS,04/22/2013,1122,2590 Marbourne Ave.,Baltimore,Balto. City,21230,"2590 Marbourne Ave.
Baltimore 21230
(39.25304117900049, -76.64700770399963)"
NFS,12/21/2013,1417,2431 Maisel Ct,Baltimore,Balto. City,21230,"2431 Maisel Ct
Baltimore 21230
(39.26318473000049, -76.64085121899967)"
NFS,01/07/2013,1417,1200 W. Cross St.,Baltimore,Balto. City,21230,"1200 W. Cross St.
Baltimore 21230
(39.281731738000474, -76.63095546699964)"
NFS,02/05/2013,2343,1300 W. Cross St.,Baltimore,Balto. City,21230,"1300 W. Cross St.
Baltimore 21230
(39.282935127000485, -76.63258134599965)"
NFS,03/05/2013,1745,001 N. Caroline St.,Baltimore,Balto. City,21231,"001 N. Caroline St.
Baltimore 21231
(39.29151429800049, -76.59712876699967)"
NFS,02/25/2013,452,1700 E. Pratt St.,Baltimore,Balto. City,21231,"1700 E. Pratt St.
Baltimore 21231
(39.289264657000444, -76.59350374599967)"
NFS,09/06/2013,237,1500 E Pratt St,Baltimore,Balto. City,21231,"1500 E Pratt St
Baltimore 21231
(39.28913528200047, -76.59651461499965)"
NFS,05/26/2013,2117,300 S Dallas Ct,Baltimore,Balto. City,21231,"300 S Dallas Ct
Baltimore 21231
(39.28740018400049, -76.59653914299963)"
NFS,03/05/2013,1745,001 N. Caroline St.,Baltimore,Balto. City,21231,"001 N. Caroline St.
Baltimore 21231
(39.29151429800049, -76.59712876699967)"
NFS,07/11/2013,1,200 S Broadway Ave,Baltimore,Balto. City,21231,"200 S Broadway Ave
Baltimore 21231
(39.28907828400048, -76.59381559599967)"
NFS,08/05/2013,330,300 Ballou Ct,Baltimore,Balto. City,21231,"300 Ballou Ct
Baltimore 21231
(39.28736868700048, -76.59725391799964)"
NFS,11/13/2013,2207,1931 E Baltimore St,Baltimore,Balto. City,21231,"1931 E Baltimore St
Baltimore 21231
(39.29169281100047, -76.58942885899967)"
NFS,06/22/2013,1625,200 S Dallas Ct,Baltimore,Balto. City,21231,"200 S Dallas Ct
Baltimore 21231
(39.289011745000494, -76.59665671099964)"
NFS,08/19/2013,2231,305 Mason Ct,Baltimore,Balto. City,21231,"305 Mason Ct
Baltimore 21231
(39.287399749000485, -76.59579138199967)"
NFS,08/05/2013,330,300 Ballou Ct,Baltimore,Balto. City,21231,"300 Ballou Ct
Baltimore 21231
(39.28736868700048, -76.59725391799964)"
NFS,08/19/2013,2231,305 Mason Ct,Baltimore,Balto. City,21231,"305 Mason Ct
Baltimore 21231
(39.287399749000485, -76.59579138199967)"
NFS,12/29/2013,1644,1500 May Ct,Baltimore,Balto. City,21231,"1500 May Ct
Baltimore 21231
(39.29413448700046, -76.59721407299963)"
NFS,10/27/2013,1820,2404 Pickering Dr,Baltimore,Balto. City,21234,"2404 Pickering Dr
Baltimore 21234
(39.369636871000466, -76.56402022999964)"
NFS,06/05/2013,117,2400 Perring Manor Rd,Baltimore,Balto. City,21234,"2400 Perring Manor Rd
Baltimore 21234
(39.37195033600045, -76.56444972999964)"
NFS,09/06/2013,2250,6853 McClean Blvd.,Baltimore,Balto. City,21234,"6853 McClean Blvd.
Baltimore 21234
(39.36953673400046, -76.56706506299963)"
NFS,12/08/2013,1926,8621 Pleasant Plains Rd,Towson,Baltimore,21234,"8621 Pleasant Plains Rd
Towson 21234
(39.39526597800045, -76.56842281399963)"
NFS,10/17/2013,2309,Hillcrest Ave and Park Drive,Parkville,Baltimore,21234,"Hillcrest Ave and Park Drive
Parkville 21234
(39.37514281600045, -76.55123728099966)"
NFS,10/05/2013,1925,7101 Darlington Dr,Parkville,Baltimore,21234,"7101 Darlington Dr
Parkville 21234
(39.3721248170005, -76.55923209399964)"
NFS,06/05/2013,117,2400 Perring Manor Rd,Baltimore,Balto. City,21234,"2400 Perring Manor Rd
Baltimore 21234
(39.37195033600045, -76.56444972999964)"
NFS,01/10/2013,0,7560 Belair Rd,Overlea,Baltimore,21236,"7560 Belair Rd
Overlea 21236
(39.36501250300046, -76.51915119099965)"
NFS,06/25/2013,1900,2000 Northbourne Road,Baltimore,Balto. City,21239,"2000 Northbourne Road
Baltimore 21239
(39.35319470100046, -76.58021406099965)"
NFS,04/02/2013,1912,1200 Linworth Ave.,Baltimore,Balto. City,21239,"1200 Linworth Ave.
Baltimore 21239
(39.34722818600045, -76.59840859099967)"
NFS,02/28/2013,1550,5200 Loch Raven Blvd.,Baltimore,Balto. City,21239,"5200 Loch Raven Blvd.
Baltimore 21239
(39.352671564000445, -76.59049356799966)"
NFS,01/14/2013,5,1216 Rossiter Ave.,Baltimore,Balto. City,21239,"1216 Rossiter Ave.
Baltimore 21239
(39.348008044000494, -76.59895597599967)"
NFS,07/12/2013,249,1200 Beaumont Ave,Baltimore,Balto. City,21239,"1200 Beaumont Ave
Baltimore 21239
(39.350847503000466, -76.59831640899966)"
NFS,11/02/2013,204,8121 Liberty Rd,Windsor Mill,Baltimore,21244,"8121 Liberty Rd
Windsor Mill 21244
(39.35465688400046, -76.76091911399965)"
NFS,10/15/2013,1310,8 Cambridge Ct,Baltimore,Baltimore,21244,"8 Cambridge Ct
Baltimore 21244
(39.340226921000465, -76.74968590899965)"
NFS,01/28/2013,100,300 Blk Harry Truman Parkway,Annapolis,Anne Arundel,21401,"300 Blk Harry Truman Parkway
Annapolis 21401
(38.9832956730005, -76.52939993899963)"
NFS,03/24/2013,505,217 Rosewood St.,Annapolis,Anne Arundel,21401,"217 Rosewood St.
Annapolis 21401
(38.97821339100045, -76.53183896599967)"
NFS,07/18/2013,249,1155 Madison St,Annapolis,Anne Arundel,21403,"1155 Madison St
Annapolis 21403
(38.966145430000495, -76.49393815099967)"
NFS,10/27/2013,1632,Bens Drive,Annapolis,Anne Arundel,21403,"Bens Drive
Annapolis 21403
(38.951272463000464, -76.49088664799967)"
NFS,06/27/2013,1206,1400 Tyler Ave,Aaltimore,Anne Arundel,21403,"1400 Tyler Ave
Aaltimore 21403
(38.95459392400045, -76.50789157899965)"
NFS,10/27/2013,1632,Bens Drive,Annapolis,Anne Arundel,21403,"Bens Drive
Annapolis 21403
(38.951272463000464, -76.49088664799967)"
NFS,06/02/2013,100,1135 Madison St,Annapolis,Anne Arundel,21403,"1135 Madison St
Annapolis 21403
(38.96600881900048, -76.49330116299967)"
NFS,03/28/2013,2230,15000 Blk Meadow Dale Dr.,Rawlings,Allegany,21557,"15000 Blk Meadow Dale Dr.
Rawlings 21557
(39.508559043000446, -78.92371956599965)"
NFS,01/15/2013,2200,723 Douglas St.,Cambridge,Dorchester,21613,"723 Douglas St.
Cambridge 21613
(38.56568382600045, -76.08404151199966)"
NFS,02/08/2013,2030,Bayly Rd.,Cambridge,Dorchester,21613,"Bayly Rd.
Cambridge 21613
(38.55296233700045, -76.09215598399965)"
NFS,10/17/2013,51,844 Brownsville Rd,Centreville,Queen Anne's,21617,"844 Brownsville Rd
Centreville 21617
(39.05274749200049, -76.10104191799968)"
NFS,08/29/2013,2100,400 Grasoville Cemetary Rd,Grasonville,Queen Anne's,21638,"400 Grasoville Cemetary Rd
Grasonville 21638
(38.95568667600048, -76.19136030299967)"
NFS,08/29/2013,2100,400 Grasoville Cemetary Rd,Grasonville,Queen Anne's,21638,"400 Grasoville Cemetary Rd
Grasonville 21638
(38.95568667600048, -76.19136030299967)"
NFS,08/29/2013,2100,400 Grasoville Cemetary Rd,Grasonville,Queen Anne's,21638,"400 Grasoville Cemetary Rd
Grasonville 21638
(38.95568667600048, -76.19136030299967)"
NFS - self inflicted,07/14/2013,1618,17961 Henrderson Rd,Marydel,Caroline,21649,"17961 Henrderson Rd
Marydel 21649
(39.115409911000484, -75.77110957999963)"
NFS,12/06/2013,1750,400 blk Sherman Ave,Frederick,Frederick,21701,"400 blk Sherman Ave
Frederick 21701
(39.42462657200048, -77.38923742299966)"
NFS,04/05/2013,233,8919 Mapleville Rd.,Boonsboro,Washington,21713,"8919 Mapleville Rd.
Boonsboro 21713
(39.56023324000046, -77.64709681399967)"
NFS,03/31/2013,145,5 Nottingham Rd.,Hagerstown,Washington,21740,"5 Nottingham Rd.
Hagerstown 21740
(39.64829637800045, -77.74018966199964)"
NFS,03/31/2013,145,5 Nottingham Rd.,Hagerstown,Washington,21740,"5 Nottingham Rd.
Hagerstown 21740
(39.64829637800045, -77.74018966199964)"
NFS,07/21/2013,1815,Fair Oaks Ct,Halfway,Washington,21740,"Fair Oaks Ct
Halfway 21740
(39.62186610600048, -77.76493885699966)"
NFS,03/06/2013,0,610 Dawn Ct.,Salisbury,Wicomico,21801,"610 Dawn Ct.
Salisbury 21801
(38.40272244500045, -75.60962954199965)"
NFS - self inflicted,11/04/2013,2100,5482 Bay St,Salisbury,Wicomico,21801,"5482 Bay St
Salisbury 21801
(38.35480073700046, -75.70758579799963)"
NFS - self inflicted,01/14/2013,830,Rose St. & East Rd.,Salisbury,Wicomico,21801,"Rose St. &amp; East Rd.
Salisbury 21801
(38.369116112000484, -75.61815669599963)"
NFS,01/22/2013,2227,409 Keene Ave.,Salisbury,Wicomico,21801,"409 Keene Ave.
Salisbury 21801
(38.381748537000476, -75.59983886599963)"
NFS,05/19/2013,2142,208 Winterborn Lane,Salisbury,Wicomico,21804,"208 Winterborn Lane
Salisbury 21804
(38.33736821600047, -75.59264285199964)"
NFS,09/03/2013,1828,139 Onley Rd,Salisbury,Wicomico,21804,"139 Onley Rd
Salisbury 21804
(38.34352850200048, -75.59510068299966)"
NFS - self inflicted,08/11/2013,1445,Vine St and Rogers St,Salisbury,Wicomico,21804,"Vine St and Rogers St
Salisbury 21804
(38.35840009900045, -75.58919881599968)"
NFS,10/13/2013,100,214 Green St,Fruitland,Wicomico,21826,"214 Green St
Fruitland 21826
(38.319452725000474, -75.61894715499966)"
NFS,06/29/2013,210,2001 N Philadelphia Ave,Ocean City,Worcester,21842,"2001 N Philadelphia Ave
Ocean City 21842
(38.350040598000476, -75.07815233699966)"
NFS,06/29/2013,210,2001 N Philadelphia Ave,Ocean City,Worcester,21842,"2001 N Philadelphia Ave
Ocean City 21842
(38.350040598000476, -75.07815233699966)"
NFS,03/23/2013,100,2350 Old Snow Hill Rd.,Pocomoke City,Worcester,21851,"2350 Old Snow Hill Rd.
Pocomoke City 21851
(38.08030086500048, -75.54423308199966)"
NFS - self inflicted,04/11/2013,0,10061 Old Princess Anne Rd.,Princess Anne,Somerset,21853,"10061 Old Princess Anne Rd.
Princess Anne 21853
(38.17694524700045, -75.68488358199966)"
NFS,07/20/2013,5,Beechwood St & Antioch Ave,Princess Anne,Somerset,21853,"Beechwood St &amp; Antioch Ave
Princess Anne 21853
(38.20676932600048, -75.70994928199963)"
NFS,09/23/2013,0,Somerset Ave at Roberts St,Princess Anne,Somerset,21853,"Somerset Ave at Roberts St
Princess Anne 21853
(38.21024293500045, -75.69501587299965)"
NFS - self inflicted,07/13/2013,1620,27594 Fairmount Rd,Westover,Somerset,21871,"27594 Fairmount Rd
Westover 21871
(38.10705838000047, -75.79739873599965)"
NFS - self inflicted,01/07/2013,22,29353 Fairmount Rd.,Westover,Somerset,21871,"29353 Fairmount Rd.
Westover 21871
(38.11479364800044, -75.73603396699963)"
NFS,09/24/2013,35,300 East Cecil Ave,North East,Cecil,21901,"300 East Cecil Ave
North East 21901
(39.601378257000476, -75.93877249799965)"
NFS,01/07/2013,1900,200 Blk Craigstown Rd.,Port Deposit,Cecil,21904,"200 Blk Craigstown Rd.
Port Deposit 21904
(39.6256786670005, -76.08444965099966)"
NFS - self inflicted,01/07/2013,1900,200 Blk Craigstown Rd.,Port Deposit,Cecil,21904,"200 Blk Craigstown Rd.
Port Deposit 21904
(39.6256786670005, -76.08444965099966)"
NFS,12/07/2013,2209,Willow Dr at Willow Ct,Elkton,Cecil,21921,"Willow Dr at Willow Ct
Elkton 21921
(39.65880072700048, -75.79853900899963)"
NFS,08/17/2013,200,15 Deborah Ct,Elkton,Cecil,21921,"15 Deborah Ct
Elkton 21921
(39.66158471400047, -75.85618382399963)"
NFS,09/02/2013,1900,Willow Ct,Elkton,Cecil,21921,"Willow Ct
Elkton 21921
(39.65875230100045, -75.79884301599964)"
